claim_id	source	line_range	claim_type	claim_text	normalized_requirement	superseded_by	implementation	production_caller	tests	failure_path	rules	status	confidence	notes
L15-DEAD-01	docs/v15.x/dead-pushkinds.md	7-17	completion	Five PushKind variants were deleted after call-chain audit	Deleted variants and related render/adapter code must be absent; same-named CandidateSource remains		`notify.rs` lacks the five variants; dead-push archive matches committed removals	N/A	compile coverage; no dedicated exhaustive call-chain artifact	git revert documented	2.10	verified_complete	high	Fixed-SHA code supports the five deletions.
L15-DEAD-02	docs/v15.x/dead-pushkinds.md	19-31	decision	Listed live/spec-target variants must be retained	Do not delete active or reserved variants		All listed retained variants remain in `notify.rs`; live T14/T15/ST/ETF callers remain in `main.rs`	`main.rs` dispatch chains for CandidateTriggered, VirtualWatch, T14/T15/ST/ETF	numerous template tests; no single exhaustive table test	retention avoids severing live pushes	2.1,2.10	verified_complete	high	CandidateInvalidated remains half-dead as documented.
L15-DEAD-03	docs/v15.x/dead-pushkinds.md	33-36	completion	PushKind count is 52 and DISPATCH_TABLE has 13 rows	Counts at HEAD must match		`notify.rs` enum has 52 variants; table retains 13 audit rows	metadata is read in `push_governor_inner`	count-oriented tests are indirect	startup has no fail-fast count assertion	2.10	verified_complete	medium	Static enumeration confirms the stated totals.
L15-PM-01	docs/v15.x/post-mortem-v15.1.1.md	10-25	bug	Gray default silently blocked non-critical production pushes	Default launch stage must not silently suppress normal pushes		`current_stage()` defaults Shadow; `should_push_user(Shadow,..)=true`	all governor paths call `launch_gate_check`	`test_current_stage_default_shadow`; stage matrix tests	invalid STAGE warns then Shadow		verified_complete	high	Root behavior was reverted.
L15-PM-02	docs/v15.x/post-mortem-v15.1.1.md	36-41	requirement	Defaults audible; BREAKING changes reversible; defaults tested; every skip warns	All four post-mortem rules must hold		Default and tests exist; per-skip launch-gate denial returns without warn	`notify.rs:970-972,1071-1077`	default-stage tests exist; no assertion for every denied push warning	Denied path is silent at decision point	2.8	partial	high	Rule 4 remains unmet.
L15-PM-03	docs/v15.x/post-mortem-v15.1.1.md	57-63	acceptance	Contributor checklist including live deployment validation	Commit evidence must include default tests and production behavior validation		Static module evidence only	production path exists	unit tests only	no committed deployment/live-output artifact		unverifiable	high	Checklist remains unchecked.
L15-D1-01	docs/v15.x/v15.3-phase-d-expansion.md	91-109	feature	NewsFeed trait and NewsAggregator	Provide aggregator module, tests and registration		`src/news/aggregator/{mod,feed}.rs`	initialized in monitor and ticked in news loop	module tests	feed failures warn and continue	2.1,2.2	verified_complete	high	Core aggregator exists.
L15-D1-02	docs/v15.x/v15.3-phase-d-expansion.md	111-148	feature	Real flash, policy, announcement, earnings, consensus, market-action and analyst feeds	All named feeds must fetch their target source, not return empty placeholders		8 HTTP wrappers and announcement feed are real; GovCn, MIIT, earnings, consensus, market-action and analyst feeds return empty vectors	all 15 are registered in monitor	mostly unit shape tests; placeholders not live-source tested	placeholders silently yield no events	2.1,2.2,2.8	partial	high	Production registers six empty implementations.
L15-D1-03	docs/v15.x/v15.3-phase-d-expansion.md	150-155	integration	30-second aggregator loop in monitor	Aggregator must run in production		Global aggregator is initialized and ticked inside `news_monitor_loop`, whose cadence is existing loop rather than a dedicated 30s task	`main.rs:7185-7199`	NewsFlashGate tests; no live cadence proof	uninitialized global warns and returns empty	2.4	partial	medium	Functional integration exists but design shape changed.
L15-D2-01	docs/v15.x/v15.3-phase-d-expansion.md	159-185	feature	Four-class event extraction and public single-item API	Add event classes, classifier schema and extract_news API		MarketEvent types were extended in v15 commits; exact `extract_news` API is absent	No production single-item API caller	classifier/event-extractor tests	parse errors are surfaced/filtered	2.2	partial	medium	Implemented with different API and later pipeline.
L15-D3-01	docs/v15.x/v15.3-phase-d-expansion.md	189-210	feature	Stock mapping and weighted relation types	Map earnings, account actions, industry consensus and source weights		`src/news/stock_mapper.rs` implements relations and mappings	used by removed v15 pipeline; current NewsFlashGate bypasses mapper	unit tests in stock_mapper	missing mappings yield empty candidates	2.2	partial	high	Module exists but current production consumer is absent.
L15-D4-01	docs/v15.x/v15.3-phase-d-expansion.md	214-241	feature	Impact score, multi-source resonance and direction	Compute NewsImpact, source_count dedup and direction		`src/news/impact.rs` implements formula and tests	current production NewsFlashGate consumes MarketEvent directly, not NewsImpact	impact unit tests	bad/missing event fields mostly default via MarketEvent	2.2,2.3	partial	high	Code without current production call.
L15-D5-01	docs/v15.x/v15.3-phase-d-expansion.md	245-268	feature	Five PushKind variants and v14 mapping	Variants must have metadata and adapter arms		PolicyHit/EarningsBeat/EarningsMiss/AnalystUpgrade/MarketActionAlert exist with adapter mappings	No production callers for these five	metadata tests	unused targets only emit audit if somehow called	2.8	partial	high	Definition complete, capability not wired.
L15-D6-01	docs/v15.x/v15.3-phase-d-expansion.md	272-287	integration	Impact dispatcher and full aggregator→extractor→mapper→impact→push pipeline	Production must execute the complete chain and live-test it	v17.4 NewsFlashGate	`news::dispatcher` exists; v15 `news_pipeline_loop` was removed; current path aggregator→NewsFlashGate	monitor calls NewsFlashGate only	dispatcher unit tests and gate tests; no full intended-chain live evidence	feed failures become fewer/zero events	2.1,2.2,2.8	partial	high	Later architecture superseded only the final gate, not mapper/impact semantics.
L15-SUM-01	docs/v15.x/v15.3-phase-d-expansion.md	312-345	completion	Phase D was pending and would create five-source fusion	Do not claim fusion until all sources and full pipeline are live		Several modules landed, but empty feeds and bypassed mapper/impact remain	partial production integration	mixed module tests	no full live verification	2.1,2.8	partial	high	Still not complete at fixed SHA.
L17R2-BUG01	docs/v17.x/v17.1-r2-event-infrastructure.md	35-41	bug	Five P0 bugs: non-atomic dedup, L6 bypass, duplicate cooldown, no shutdown, sell emits no push	All five must be resolved in production		Reserve/commit improved; L6 remains opt-in; template cooldown still exists; graceful shutdown/PAS sell path absent	legacy governor remains production path	partial module tests	rollback on sink failure exists; shutdown failure unhandled	2.7,2.8,2.10	partial	high	Only the dedup reservation bug is substantially fixed.
L17R2-AC01	docs/v17.x/v17.1-r2-event-infrastructure.md	967	acceptance	At least two DomainEvent implementations	Two concrete events must implement the trait		PushDeliveryEvent and ReplayablePushEvent implement DomainEvent at c1e	published delivery event is production-observed	envelope/push_record tests	validation rejects blank fields	2.7	verified_complete	high	Second implementation arrived in c1e Task 1.
L17R2-AC02	docs/v17.x/v17.1-r2-event-infrastructure.md	968	acceptance	event tests 100%; overall >=90%	Run and preserve outputs		Test modules exist	N/A	No fixed-commit test output in docs	N/A		unverifiable	high	Static source cannot prove run result or percentage.
L17R2-AC03	docs/v17.x/v17.1-r2-event-infrastructure.md	969	acceptance	Release monitor builds	Fixed commit release build must pass		No committed build artifact	N/A	No fixed-commit output	N/A		unverifiable	high	Not executed in this read-only evidence audit.
L17R2-AC04	docs/v17.x/v17.1-r2-event-infrastructure.md	970	acceptance	Live test shows publish, dispatch, L6, L4 metrics	All layers must appear in live binary logs		Delivery observation publishes; no PushApplicationService; L6 requires env opt-in	`notify::deliver_and_record`	isolated tests only	legacy direct delivery remains	2.7,2.8	partial	high	Required end-to-end log evidence absent.
L17R2-AC05	docs/v17.x/v17.1-r2-event-infrastructure.md	971	acceptance	Legacy push_governor callers continue through migration	Compatibility must preserve callers while routing new stack		Legacy callers continue, but by old path rather than migration/PAS	many production callers	legacy tests	old path fallback is default	2.8	partial	high	Behavior preserved, migration not implemented.
L17R2-AC06	docs/v17.x/v17.1-r2-event-infrastructure.md	972	acceptance	Ten concurrent identical sell emits produce one push	Atomic dedup across full sell path		L4 reserve/commit supports atomic keys; sell→PAS path absent	paper sell uses paper_trade and delivery separately	L4 concurrency tests; no specified E2E	rollback clears reservation on sink fail	2.10	partial	medium	Cannot prove full chain.
L17R2-AC07	docs/v17.x/v17.1-r2-event-infrastructure.md	973	acceptance	SIGTERM drains within 30s	Collect handles and enforce graceful timeout		No CancellationToken/clean-drain implementation found	None	No test	forced shutdown path absent	2.7	unresolved	high	
L17R2-AC08	docs/v17.x/v17.1-r2-event-infrastructure.md	974	acceptance	SIGHUP reload preserves inflight push	Signal handler and atomic config swap		Config supports reload concepts; no r2 inflight push proof	config readers use global config	config unit tests only	parse failure falls back	2.9	partial	medium	
L17R2-AC09	docs/v17.x/v17.1-r2-event-infrastructure.md	975	acceptance	Sell write reaches PushApplicationService within 100ms	Wire DB write to unique push service		PushApplicationService absent	None	No test	No timeout/error path	2.7,2.8	unresolved	high	
L17R2-AC10	docs/v17.x/v17.1-r2-event-infrastructure.md	976	acceptance	--push/--test clean runtime exit	Remove process exit and drain tasks		No committed live exit evidence	binary modes exist	No exit integration test found	No drain timeout	2.7	unverifiable	medium	
L17R2-AC11	docs/v17.x/v17.1-r2-event-infrastructure.md	977	acceptance	At least five monitor event imports	Production binary must integrate event module broadly		Only delivery observation integration is substantive	`notify.rs` publishes audit event	grep count not pasted into doc	publish NoSubscribers is visible	2.7	partial	medium	Count is a weak proxy and completion rule is not met.
L17R2-AC12	docs/v17.x/v17.1-r2-event-infrastructure.md	978	acceptance	Delete template cooldown table	L4 is sole cooldown authority		`is_in_cooldown` and `record_cooldown` remain in `push_templates.rs`	used by template governor	cooldown tests preserve old table	N/A	2.10	unresolved	high	
L17R2-AC13	docs/v17.x/v17.1-r2-event-infrastructure.md	979	acceptance	Default full-push ignores full-position suppression	Default must remain audible		Governance defaults were changed to respect frozen; exact five-push scenario not evidenced	production governor	governance unit tests	denials are returned	2.6	partial	medium	
L17R2-AC14	docs/v17.x/v17.1-r2-event-infrastructure.md	980	acceptance	Governance banner and suppression warnings	Expose mode and each suppression		Startup banners exist for launch/L6/v17.4; exact governance banner/suppression key absent	startup main	banner tests partial	suppression warning incomplete	2.8	partial	high	
L17R2-AC15	docs/v17.x/v17.1-r2-event-infrastructure.md	981	acceptance	ReliableChannel bounded backpressure	1024-full returns immediately, warns and increments metric		ReliableChannel absent	None	No test	No backpressure policy	2.7	unresolved	high	
L17R2-AC16	docs/v17.x/v17.1-r2-event-infrastructure.md	982	acceptance	Shutdown rejects publish and completes inflight L6	Cancellation-aware publish path		EventBus has simple shutdown flag but no cancellation/drain/banner	No production shutdown caller	bus shutdown test only	inflight delivery not coordinated	2.7	partial	high	
L17R2-AC17	docs/v17.x/v17.1-r2-event-infrastructure.md	983	acceptance	DispatcherRegistry validates overlapping coverage	Warn duplicate coverage and preserve order		Exact-type EventDispatcherRegistry exists; prefix-overlap validator absent	global dispatcher observes delivery	dispatcher tests	duplicate registration behavior tested only for exact keys	2.10	partial	medium	
L17R2-AC18	docs/v17.x/v17.1-r2-event-infrastructure.md	739	acceptance	At least three sinks receive live test message	Route to 3 enabled sinks with >=1 success		Default monitor router registers exactly 2 sinks	L6 opt-in only	router unit tests; no live three-sink test	per-sink failures returned	2.8	unresolved	high	
L17R2-AC19	docs/v17.x/v17.1-r2-event-infrastructure.md	740	acceptance	Disabled sinks receive nothing	Sink enabled configuration must gate delivery		External sink types support enable flags; default router does not configure them	No production external-sink registration	external sink unit tests	Disabled behavior local only	2.8	partial	medium	
L17R2-AC20	docs/v17.x/v17.1-r2-event-infrastructure.md	741	acceptance	Failover stops at first successful sink	Deterministic ordered failover		SinkRouter implementation routes/retries but design semantics differ from stated round-robin stop	L6 opt-in	router tests	failure isolated	2.8	partial	medium	
L17R2-AC21	docs/v17.x/v17.1-r2-event-infrastructure.md	742	acceptance	Sink metrics startup banner and all-fail error	Expose enabled/health/outcomes		L6 startup logs names/count; no SinkMetrics banner or all-fail production alarm	monitor warms router	health-check tests	all-fail returns SinkError	2.7,2.8	partial	high	
L17R2-AC22	docs/v17.x/v17.1-r2-event-infrastructure.md	743	acceptance	No direct channel calls remain	All delivery must route via PAS/SinkRouter		`notify.rs` still directly calls push_wechat and helpers; default path is direct	production default path	legacy tests	failure returns false	2.8	unresolved	high	
L17R2-AC23	docs/v17.x/v17.1-r2-event-infrastructure.md	744	acceptance	Remove four bypasses; Frozen deny remains	Governance fix without bypasses		Frozen governance tests exist; temporary FORCE bypass remains intentionally	production governance	account-mode tests	PUSH_NORMAL_FORCE escape hatch	2.6	partial	high	
L17R2-AC24	docs/v17.x/v17.1-r2-event-infrastructure.md	868	acceptance	Auction sealed event within 5s	Wire sealed source through event stack		No AuctionSealed DomainEvent/PAS path	legacy auction templates only	legacy timing tests	missing sealed_type degrades	2.4	unresolved	high	
L17R2-AC25	docs/v17.x/v17.1-r2-event-infrastructure.md	869	acceptance	Auction volume event within 5s	Wire second auction window		No AuctionVolume DomainEvent path	legacy dispatch exists	legacy tests	No event backpressure handling	2.4	unresolved	high	
L17R2-AC26	docs/v17.x/v17.1-r2-event-infrastructure.md	870	acceptance	Missing sealed_type may trigger on volume_ratio only	Fallback rule must be explicit and tested		No r2 sealed detector implementation	None	No matching test	Missing field fallback not implemented	2.2,2.3	unresolved	high	
L17R2-AC27	docs/v17.x/v17.1-r2-event-infrastructure.md	871	acceptance	Lunch window suppresses all but emergency	Enforce timing rule centrally		No central event timing gate	Legacy schedules vary	No live time-window evidence	No consolidated skip audit	2.10	unresolved	medium	
L17R2-AC28	docs/v17.x/v17.1-r2-event-infrastructure.md	872	acceptance	Missing cron config defaults to audible 5s scan/5m cooldown	Default must be tested and logged		OpportunitySchedule has defaults, but stated r2 cron fields/event cadence are absent	legacy scheduler	config tests partial	missing config falls back	2.4,2.9	partial	medium	
L17M-AC18	docs/v17.x/v17.3-migration-and-persistence.md	814	acceptance	30 PushKind dispatchers registered	Migrate 30 kinds to dispatcher registry		Only delivery observation dispatcher exists	No 30-kind production registration	dispatcher tests only	missing handler increments unhandled	2.8	unresolved	high	
L17M-AC19	docs/v17.x/v17.3-migration-and-persistence.md	815	acceptance	Migration tests and 30 cases pass	Provide migration module/test suite		`src/event/migration` absent	None	No suite	N/A		unresolved	high	
L17M-AC20	docs/v17.x/v17.3-migration-and-persistence.md	816	acceptance	Buy write reaches PAS in 100ms	Wire buy source event		PAS absent	None	No test	No delivery timeout	2.7,2.8	unresolved	high	
L17M-AC21	docs/v17.x/v17.3-migration-and-persistence.md	817	acceptance	Legacy bridge covers four buses	Implement bridge while main uses r2 bus		legacy_bus_bridge absent	Old buses still publish with zero consumers	No bridge tests	Events can be dropped with no subscriber	2.7	unresolved	high	
L17M-AC22	docs/v17.x/v17.3-migration-and-persistence.md	818	acceptance	Broadcast channel sites <=3	Consolidate old buses		Multiple old broadcast buses remain	zero-consumer producers remain	No fixed-output grep in doc	No bridge	2.7	unresolved	high	
L17M-AC23	docs/v17.x/v17.3-migration-and-persistence.md	819	acceptance	L3 render covers 30 kinds	Typed rendering with no panic/missing arm		`event/l3_render.rs` absent	legacy templates render directly	legacy render tests	legacy missing data defaults remain	2.2,2.8	unresolved	high	
L17M-AC24	docs/v17.x/v17.3-migration-and-persistence.md	820	acceptance	Global and per-kind daily limits	Central L5 limit policy		`event/l5_limit.rs` absent; scattered cooldown/budgets remain	legacy governors	legacy tests	No single fail-closed limiter	2.6,2.10	unresolved	high	
L17M-AC25	docs/v17.x/v17.3-migration-and-persistence.md	821	acceptance	Persistent push records require kind/code/trace_id	Schema and writer must persist nonempty provenance		PushRecord DTO has kind/code/trace but code optional and no DB table/writer	No persistence caller	DTO tests reject missing kind/channel/latency	conversion errors explicit	2.7	partial	high	c1e Task 1 is module-only.
L17M-AC26	docs/v17.x/v17.3-migration-and-persistence.md	822	acceptance	JSONL writer skips replay but preserves concurrent live events	Persist live stream without replay loop		`replay_of` and ReplayablePushEvent exist; committed JsonlWriter absent	None	DTO tests only	No writer I/O failure policy	2.7	partial	high	Uncommitted workspace writer excluded.
L17M-AC27	docs/v17.x/v17.3-migration-and-persistence.md	823	acceptance	Replay defaults dry-run; force required for real push	CLI safety gate		Replay CLI absent	None	No test	No guard	2.5,2.7	unresolved	high	
L17M-AC28	docs/v17.x/v17.3-migration-and-persistence.md	824	acceptance	History CLI returns date/code events	Implement bounded history query		HistoryQuery/CLI absent	None	No test	No DB error handling	2.7	unresolved	high	
L17M-AC29A	docs/v17.x/v17.3-migration-and-persistence.md	825	acceptance	Monitor event integration count >=8	Production must integrate migration broadly		Only observation path integrated	`notify.rs` publishes delivery audit	No reproduced count	No PAS	2.7	partial	medium	
L17M-AC30A	docs/v17.x/v17.3-migration-and-persistence.md	826	acceptance	Daily JSONL append and seven-day cleanup	Run writer during monitor		Committed writer absent	None	No I/O integration test	No retention cleanup	2.7	unresolved	high	
L17M-AC29B	docs/v17.x/v17.3-migration-and-persistence.md	633	acceptance	24h production push success rate	HistoryQuery returns nonempty RateStats		HistoryQuery absent	None	No test	No empty-history diagnostic	2.7	unresolved	high	
L17M-AC30B	docs/v17.x/v17.3-migration-and-persistence.md	634	acceptance	Below 95% startup warning	Health banner uses persistent outcomes		Absent	None	No test	No alert	2.7	unresolved	high	
L17M-AC31	docs/v17.x/v17.3-migration-and-persistence.md	635	acceptance	Below 80% error with cooldown	Alert severe delivery failures without spam		Absent	None	No test	No alert cooldown	2.7,2.10	unresolved	high	
L17M-AC32	docs/v17.x/v17.3-migration-and-persistence.md	636	acceptance	History success-rate CLI output	CLI must print table in test mode		Absent	None	No test	N/A	2.7	unresolved	high	
L17M-AC33	docs/v17.x/v17.3-migration-and-persistence.md	637	acceptance	PushRecord contains per-sink outcomes	Persist at least one sink result		c1e PushRecord has one `channel` and aggregate outcome, no sink_results_json	No persistence caller	DTO tests only	No per-sink failure provenance	2.7	unresolved	high	
L174-AC34-37	docs/v17.x/v17.4-news-and-review.md	494-497	acceptance	High-score news is immediate and four daily Top3 windows are observable in persistent sink results	Run event-driven NewsFlashGate and persist sink results		NewsFlashGate and four-window gate exist, but tolerance is five minutes rather than ±1 minute and committed persistence/sink_results_json is absent	`news_monitor_loop` ticks aggregator and calls `push_flash_decisions`	Gate unit tests cover threshold, dedup, windows	Provider stubs can yield no events; delivery persistence absent	2.1,2.2,2.4,2.7	partial	high	AC34/35 functional core exists; AC37 cannot pass at c1e
L174-AC38-41	docs/v17.x/v17.4-news-and-review.md	501-504	acceptance	13:00 snapshot, 15:35 daily review, kind-specific win rate, graceful quote failure	Operate paper review schedule and persistent attribution		13:00 snapshot path exists; no 15:35-specific scheduler or HistoryQuery success-rate implementation found; snapshot loader returns defaults on DB failure	13:00 branch in monitor main calls paper review push	Renderer/snapshot tests exist	DB failure collapses to default snapshot; quote failure can become zero	2.1,2.2,2.4,2.7	partial	high	AC41's graceful 0.0 conflicts with red lines 2.1/2.2 when treated as data
L174-AC42-44	docs/v17.x/v17.4-news-and-review.md	508-510	acceptance	Disable SectorTop by default, score<75 silent, unchanged holding health dedup	Apply noise-governance controls		All three controls exist; SectorTop remains behind explicit rollback env and state hash dedup is process-local	Production main has SectorTop gate, screener threshold, holding state hash	Default and hash sequence tests exist	Restart loses holding-state dedup memory	2.10	verified_complete	high	Verified against the stated default/rollback behavior, not durable dedup
L174-AC45-48	docs/v17.x/v17.4-news-and-review.md	514-520	acceptance	Breaking rollback, defaults, silence logs, three-layer completion	Provide verifiable deployment evidence		Rollback/banner/default tests and production integration exist, but persistent sink evidence and live-binary evidence are not committed	Production startup and monitor loops call the paths	Unit/integration source assertions exist	Live provider/push success not proven	2.1,2.4,2.7	partial	high	
L174-AC49-50	docs/v17.x/v17.4-news-and-review.md	720-721	acceptance	22 active kinds use L1 EventBus and four dead kinds are deprecated	Migrate all listed kinds to L1 and explicitly deprecate dead variants		Most production pushes still call push_governor directly; dead-kind strategy was later revised to audit markers	Only delivery observations use new event bus	No 22-kind integration proof	Direct path remains default	2.7	unresolved	high	Superseding v17.7/v17.8 retract deletion-before-audit
L175-AC51-60	docs/v17.x/v17.5-batch2-push-migration.md	484-493	acceptance	Ten push themes migrate to EventBus with stated timing/dedup	Create normalized events and replace direct callers		Legacy PushKind variants and direct `push_governor` call sites remain; no corresponding typed EventKind set at c1e	Direct legacy calls in monitor main	Legacy template/governance tests only	No migration-wide persistence or replay	2.7,2.10	unresolved	high	Names in the spec are not present as event types
L175-AC61-63	docs/v17.x/v17.5-batch2-push-migration.md	497-499	acceptance	Legacy variants are audited before deletion and recoverable	Mark transitional variants and preserve rollback		`is_legacy_v17_5` marks four corrected variants and has tests; variants are intentionally retained	Audit is invoked by notify governance	Predicate tests cover exact count	Final deletion deferred	2.10	partial	high	Stage achieved, final removal not achieved
L175-AC64-66	docs/v17.x/v17.5-batch2-push-migration.md	503-505	bugfix	Frozen governance reset and BR-021 event persistence	Do not globally deny safe pushes; reset at 08:30; persist reset event		Reset code exists, but sink_results_json persistence does not	Monitor has timed reset path	Guard/reset unit tests present	No durable event record	2.7,2.10	partial	medium	
L175-AC67	docs/v17.x/v17.5-batch2-push-migration.md	509	acceptance	Ten production EventKinds pass module/integration/live completion	Prove full production migration		No ten new EventKinds or integration count at c1e	None for claimed typed events	No matching completion test	Legacy direct path remains	2.7	unresolved	high	
L176-AC68-72	docs/v17.x/v17.6-batch3-push-migration.md	391-395	acceptance	Nine DailyReport sub-kinds route through L1 with 30-minute dedup and test override	Implement complete DailyReport typed-event migration		Router implements only three sub-kinds and only one production caller; it calls push_governor_v3 directly rather than L1 EventBus	One FactorIC call plus startup audit	Router unit tests cover three sub-kinds	Six planned call sites/sub-kinds absent	2.7,2.10	partial	high	Spec comment itself documents compatibility path, contradicting nine-call completion
L176-AC73-75	docs/v17.x/v17.6-batch3-push-migration.md	399-401	acceptance	Calendar, fund inflow, turnover events migrate with cooldowns	Replace legacy pushes with typed events		No corresponding typed EventKind implementations found	Legacy PushKind routes remain	Cooldown/template tests only	No persistence/replay	2.7,2.10	unresolved	high	
L176-AC76-79	docs/v17.x/v17.6-batch3-push-migration.md	405-411	acceptance	Delete three enum variants, preserve rollback, and prove completion	Finish audited migration		The three variants remain and router calls them compatibility mappings; no v176 env path found	One compatibility caller	Predicate/router tests	Final deletion and live proof absent	2.7	unresolved	high	
L177-AC80-85	docs/v17.x/v17.7-batch4-dead-code-cleanup.md	319-325	acceptance	Mark six targets, then delete after audit with adapter/tests/archive/rollback	Complete staged dead-code retirement		Stage marker/audit and tests exist for ten combined v17.7/v17.8 targets; enum deletion, adapter cleanup, env rollback and claimed archive total are not final	Notify governance emits audit visibility	Marker count tests exist	Final retirement intentionally deferred	2.7	partial	high	Document explicitly revises AC80 into stage vs final
L178-AC86-92	docs/v17.x/v17.8-final-batch-cleanup.md	310-322	acceptance	Mark then delete final six, remove dispatchers, archive all, prove 100 percent before completion banner	Finish series without false completion		Stage marker exists; document retracts completion claims; variants/mappings and dispatch functions remain, no completion banner should be emitted	Notify governance audits targets	Marker tests exist	Final audit/deletion absent	2.7	partial	high	Stale completion prose later in file is contradicted by top revision
L171-OLD	docs/v17.x/v17.1-push-timing-redesign.md	11,387-398	acceptance	Original v17.1 timing/event-bus acceptance	Implement original mpsc design	v17.1-r2	Document explicitly says superseded by v17.1-r2	N/A	N/A	N/A	2.7	superseded	high	Do not score old AC1-AC8 separately
L172-OLD	docs/v17.x/v17.2-eventbus-broadcast-persistence.md	11,648-660	acceptance	Original broadcast JSONL/replay/history design	Implement broadcast design	v17.1-r2 and v17.3	Document explicitly says abandoned	N/A	N/A	N/A	2.7	superseded	high	Replacement itself is still incomplete
L161-ORDER	docs/v16.x/v16.1-virtual-trading-redesign.md	173-335,834-849	feature	Paper order book, positions and five-state order state machine	Persist separate paper_orders/paper_positions and manage lifecycle	v16.2/v16.3 domain redesign	No paper_order.rs or paper_position.rs and no corresponding tables at c1e	None	No lifecycle tests	Paper fills bypass pending-order lifecycle	2.6,2.7	unresolved	high	Only paper_trades exists
L161-RISK	docs/v16.x/v16.1-virtual-trading-redesign.md	336-427	feature	Paper buy path applies pre-trade risk checks	Reject unsafe simulated orders explicitly		paper_trade calls risk_adapter before insert	Production paper simulation	Risk adapter and paper_trade tests	Portfolio state query failure can be converted to fabricated values elsewhere	2.1,2.2,2.6	partial	high	Core seam exists but cash/position authority is not trustworthy end to end
L161-SELL	docs/v16.x/v16.1-virtual-trading-redesign.md	428-598	feature	Position ledger, sell engine, exit priority and T+1/T+3/T+5 tracking	Operate auditable virtual portfolio lifecycle		paper_engine aggregates paper_trades and simulates sells; no paper_positions ledger or exit_signals module; average-cost quote fallback exists	Monitor ticks paper_engine	paper_engine unit tests	Quote failure falls back to avg_cost and state failure fabricates zeros	2.1,2.2,2.3,2.7	partial	high	
L161-SOURCES	docs/v16.x/v16.1-virtual-trading-redesign.md	599-735,865-873	feature	All eight VirtualReason sources enter one order path	Unify all paper-entry sources	v16.3 strategy/domain model	Multiple push templates record pushed_stocks; no complete eight-source order-book path	Several template production callers	Per-module tests, no eight-source E2E evidence	Some source providers are stubs	2.1,2.7	partial	medium	
L161-DOD	docs/v16.x/v16.1-virtual-trading-redesign.md	875-938,1003-1017	acceptance	Module, integration, live and red-line evidence all pass	Prove v16.1 end to end		Missing order/position modules make stated DoD impossible	Partial monitor integration	No full v16.1 E2E artifact	Failure-path evidence incomplete	2.1,2.3,2.6,2.7	unresolved	high	
L162-KERNEL	docs/v16.x/v16.2-trading-kernel-redesign.md	58-246,369-548	feature	Eight engines communicate through reusable event bus	Run a production trading kernel rather than isolated modules	v16.3 replaces one bus with three	Domain modules/types exist in later form, but no production consumer graph proves the kernel loop	Only paper engine and monitor legacy orchestration are active	Module tests dominate	Unconsumed bus events create silent dead paths	2.7	partial	high	
L162-DOD	docs/v16.x/v16.2-trading-kernel-redesign.md	607-738,788-802	acceptance	Twelve commits and E2E/live verification close the redesign	Prove engines and callers end to end	v16.3/v16.4	No committed live completion evidence; several proposed modules were reshaped or never wired	Partial legacy integration	No matching eight-engine E2E	No system-level recovery proof	2.7	unresolved	high	
L163-R1R2	docs/v16.x/v16.3-domain-model-event-driven.md	1073-1114	feature	Auction orders and slippage-protected execution	Apply timing and slippage gates		Risk adapter has slippage checks, but no pending auction order lifecycle	paper_trade production path	Focused tests	No real quote/order state authority	2.3,2.6,2.7	partial	high	
L163-R3R5	docs/v16.x/v16.3-domain-model-event-driven.md	1115-1243	feature	Persist pushed stocks, monitor intraday, and review post-close	Close signal-to-review loop on real records		pushed_stocks writer and intraday/evening consumer code exist and are called by monitor	Production push templates and monitor	Module tests; no live evidence	Several input feeds can be empty stubs	2.1,2.4,2.7	partial	high	
L163-DOMAIN	docs/v16.x/v16.3-domain-model-event-driven.md	95-674	architecture	Eight domain objects, immutable execution, performance snapshots, three buses	Use explicit domain model and asynchronous flow		Types, three buses, registry, decision layers and performance snapshot exist	Only TradingBus has production publishers; no production subscribers found; Signal/System buses are health-probed only	Bus/type tests exist	Broadcast without consumers silently discards business events	2.7	partial	high	Deep-module skeleton is not a functioning kernel
L163-STRATEGY	docs/v16.x/v16.3-domain-model-event-driven.md	481-619,817-867	feature	Decision three layers and dynamic StrategyRegistry are production assembled	Route live signals through registered strategies and policy		FeatureBuilder/ScoreCalculator/DecisionPolicy and register_all exist, but fixed-SHA grep finds no production invocation	None outside tests	Unit tests only	No empty-registry production guard	2.7	unresolved	high	
L163-PLAN	docs/v16.x/v16.3-development-plan.md	43-408	plan	Four implementation commits deliver risk, push pool, monitoring, sources and sell rules	Implement v16.3 business slice		Individual pieces exist; whole slice is not proven and contains bad-data fallbacks	Monitor calls several pieces	Focused tests	No authoritative quote/portfolio state	2.1,2.2,2.3,2.7	partial	high	
L164-BUS	docs/v16.x/v16.4-design.md	126-180	feature	Three production buses replace the old EventBus	Wire producers and consumers across business modules		Bus structs exist; TradingBus has two publishers, no production consumer; SignalBus/SystemBus have no business publishers/consumers	Paper engine publishes TradingBus only	Bus isolation tests	Messages may have zero receivers	2.7	partial	high	
L164-REGISTRY	docs/v16.x/v16.4-design.md	181-366	feature	StrategyRegistry, eight strategies and decision layers drive business scoring	Use registry and decision layers in production		Registry and eight strategy implementations exist but register_all/layers have no production caller	None	Unit tests only	Empty/uninitialized registry is not a production failure	2.7	unresolved	high	
L164-PERF	docs/v16.x/v16.4-design.md	367-424	feature	PerformanceSnapshot is immutable and settled daily	Persist independent performance evidence		PerformanceEngine and table exist; monitor calls daily_settlement around 15:05	Production scheduler	Snapshot tests	Settlement errors are ignored except absence of success branch logging	2.7	partial	medium	
L164-PLAN	docs/v16.x/v16.4-development-plan.md	52-234	plan	Wire three buses, decision layers, settlement and E2E	Finish v16.4 production integration		Only settlement is demonstrably called; bus consumers and decision layers are unwired	Settlement caller only	No matching full E2E	Silent unconsumed events	2.7	unresolved	high	
L165-QUOTE	docs/v16.x/v16.5-design.md	100-229	feature	QuoteProvider supplies real prices to paper engine, strategies and monitor	Use one real quote seam everywhere		QuoteProvider seam exists and paper_engine reads it, but default can be MockQuoteProvider and strategy/layer production path is absent	paper_engine uses provider	Provider/paper tests	Quote failure falls back to avg_cost; mock returns non-authoritative values	2.1,2.2,2.3	partial	high	
L165-BROKER	docs/v16.x/v16.5-development-plan.md	171-191	feature	Broker SDK provides a true implementation	Replace placeholder broker with real target operations	v16.7 elaborates adapters	Qmt/PublicData/Noop push methods only log; QMT SDK detection registers TODO QmtBroker	Startup selects broker	Only no-panic/label tests	Logging-only verify/push behavior violates fake implementation ban	2.1,2.8	contradicted	high	
L166-E2E	docs/v16.x/v16.6-design.md	100-135	feature	Feature-gated monitor E2E runs in CI under 30 seconds	Prove complete kernel with realistic context		A monitor e2e_test module exists, but no target/feature matching the documented command is evident and no fixed-SHA CI evidence was produced	Test-only module	Some e2e-like tests exist	External/live data paths not exercised	2.1,2.4,2.7	partial	medium	
L166-OBS	docs/v16.x/v16.6-design.md	136-245	feature	Prometheus metrics, health check and panic recovery operate	Expose kernel health and failures		metrics.rs and health.rs exist and monitor initializes them; health mainly checks singleton existence rather than event flow	Production monitor	Module tests	Dead buses can report healthy because existence is checked, not producer/consumer activity	2.7	partial	high	
L167-IB	docs/v16.x/v16.7-design.md	97-151	feature	IBBroker abstraction is implemented	Provide real TWS-backed quotes		IBBroker file explicitly says zero network calls and returns 0.0 pending integration	May be selectable only as provider abstraction	No-network tests	Zero quote is bad data, not an explicit source error	2.1,2.3,2.8	contradicted	high	Document's checkmark means abstraction only, not real adapter
L167-SDK	docs/v16.x/v16.7-development-plan.md	43-289	plan	IB, TQS and QMT SDK adapters plus runtime selection	Provide real broker adapters		No TQSBroker; IB is a zero-network stub; QmtBroker logging-only; selection can claim QMT when only TODO adapter exists	Startup detect/select path exists	Selection unit tests only	Fallback/labels can overstate source capability	2.1,2.8	unresolved	high	
L168-BENCH	docs/v16.x/v16.8-design.md	91-183	feature	Criterion benchmark and hotspot optimizations	Measure and improve hot paths		Criterion dependency and benches/intraday_tick.rs exist	Benchmark only, not production caller	Benchmark cases present	No regression threshold gate shown		partial	medium	Benchmark existence verified; performance target not
L168-COVERAGE	docs/v16.x/v16.8-development-plan.md	249-354	acceptance	Raise unit coverage and prove live/E2E completion	Meet documented coverage and live gates		No committed coverage report or live completion evidence at fixed SHA	N/A	Tests exist, coverage unknown	N/A	2.1,2.4,2.7	unverifiable	high	
L18-DATA	docs/v18.x/v18.0-2026-07-16-brainstorming-quant-platform-closure-design-active.md	47-67,146-155	feature	Data Contract Gate is the sole authority and Gate P blocks unavailable/stale/invalid inputs	Implement typed availability/freshness contracts before decisions		No DataContractGate/DataHealthSnapshot module exists at c1e; service still swallows financial errors and defaults money-flow/intraday; monitor synthesizes Full	Legacy DataMode is used by monitor	Legacy data-mode tests	Missing/stale inputs can appear usable	2.1,2.2,2.3,2.4	unresolved	high	Active design correctly describes a current gap
L18-REGISTRY	docs/v18.x/v18.0-2026-07-16-brainstorming-quant-platform-closure-design-active.md	68-78	feature	Research/model registry stores dataset/code/config/cost evidence and promotion decisions	Build reproducible model governance		No research registry or model promotion evidence store found	None	No tests	No fail-closed promotion gate	2.7	unresolved	high	
L18-DECISION	docs/v18.x/v18.0-2026-07-16-brainstorming-quant-platform-closure-design-active.md	79-95	feature	Decision records, portfolio construction and unified risk policy are authoritative	Persist inputs/rationale and share risk between paper/live		Legacy decision/risk modules exist, but no immutable DecisionRecord/CandidateSnapshot authority or unified paper/live policy	Legacy monitor and paper paths	Module tests	Hardcoded Normal/Full and portfolio fallbacks bypass authority	2.3,2.6,2.7	unresolved	high	
L18-AUDIT	docs/v18.x/v18.0-2026-07-16-brainstorming-quant-platform-closure-design-active.md	96-109	feature	Tamper-resistant audit journal and paper order/fill/ledger/reconciliation	Create append-only evidence and accounting lifecycle		No tamper-resistant journal, paper ledger or reconciliation lifecycle; PushRecord DTO has no committed writer	None	DTO/unit tests only	No durable recovery/reconciliation	2.6,2.7	unresolved	high	
L18-OUTCOME	docs/v18.x/v18.0-2026-07-16-brainstorming-quant-platform-closure-design-active.md	110-129	feature	Outcome attribution and explicit failure/recovery responses	Close feedback loop without silent degradation		Some performance snapshots exist, but no attribution/model-change workflow; several failures still become defaults	Performance settlement only	Snapshot tests	Silent/default degradation remains	2.1,2.2,2.7	unresolved	high	
L18-LIVE	docs/v18.x/v18.0-2026-07-16-brainstorming-quant-platform-closure-design-active.md	157-165	gate	Controlled live execution remains disabled until adapter, kill switch and reconciliation pass	Fail closed on live trading		No proven live execution adapter/state machine/reconciliation/kill switch; code currently appears paper/notification focused	No authorized live order caller found	No broker lifecycle E2E	Logging-only broker stubs	2.1,2.6,2.7,2.8	verified_complete	high	Boundary is respected only because live execution is not implemented
L18-MODULES	docs/v18.x/v18.0-2026-07-16-codebase-design-four-core-modules.md	73-296	architecture	Four deep modules own data health, decisions, paper ledger and attribution	Implement the documented interfaces and seams		Named modules/value objects are absent at c1e	None	No matching tests	Legacy scattered paths retain failure ambiguity	2.1,2.2,2.3,2.6,2.7	unresolved	high	Design artifact, not implementation evidence
L18-P0	docs/v18.x/v18.0-2026-07-16-review-quant-platform-assessment.md	39-46	bug	Four P0 gaps: swallowed data errors, synthetic Full health, 120s quote threshold, no broker lifecycle	Remove all four release blockers		All four are reproduced at c1e in service.rs, data_mode.rs/main.rs and broker/paper architecture	Production data and monitor paths	Some legacy tests encode current behavior	Bad data and false freshness can affect decisions	2.1,2.2,2.3,2.4,2.6,2.7	verified_complete	high	Verified_complete means the assessment claim is true; bugs remain unresolved
L18-WS1	docs/v18.x/v18.0-2026-07-16-writing-plans-implementation-roadmap.md	24-36	plan	Workstream 1 implements data contracts and health authority	Eliminate silent/default data degradation		Not implemented at fixed SHA	None	No matching tests	Existing P0 paths remain	2.1,2.2,2.3,2.4	unresolved	high	
L18-WS2	docs/v18.x/v18.0-2026-07-16-writing-plans-implementation-roadmap.md	37-48	plan	Workstream 2 implements research/model registry and promotion evidence	Govern model promotion reproducibly		Not implemented	None	No tests	No promotion gate	2.7	unresolved	high	
L18-WS3	docs/v18.x/v18.0-2026-07-16-writing-plans-implementation-roadmap.md	49-60	plan	Workstream 3 implements decisions, portfolio and unified risk	Create one auditable risk/decision authority		Not implemented; legacy fragments remain	Legacy paths only	No matching E2E	Fallbacks bypass authority	2.3,2.6,2.7	unresolved	high	
L18-WS4	docs/v18.x/v18.0-2026-07-16-writing-plans-implementation-roadmap.md	61-74	plan	Workstream 4 implements paper order, fill, ledger and reconciliation	Build accounting lifecycle		Only paper_trades simulation exists	Paper engine	Focused simulation tests	No ledger/reconciliation	2.6,2.7	unresolved	high	
L18-WS5	docs/v18.x/v18.0-2026-07-16-writing-plans-implementation-roadmap.md	75-85	plan	Workstream 5 implements attribution and operating review	Link decisions to outcomes		Performance snapshot is insufficient; no attribution records/model proposal	Settlement only	Snapshot tests	No full lineage	2.7	unresolved	high	
L18-WS6	docs/v18.x/v18.0-2026-07-16-writing-plans-implementation-roadmap.md	86-94	plan	Workstream 6 reviews live-execution readiness	Keep live disabled until safety evidence exists		Readiness prerequisites are absent and no live adapter is enabled	None	No lifecycle tests	No kill switch/reconciliation	2.6,2.7	unresolved	high	
LSP-EVENT	docs/superpowers/plans/2026-06-28-event-extractor.md	1-886	feature	Implement event extraction, classification, freshness and production scheduling	Turn raw news into governed market events		Event extractor modules, opportunity scheduler call and extensive tests exist	Opportunity production path calls batch extraction	Dedicated integration/unit tests	Some degraded construction remains explicit but providers may fail	2.1,2.2,2.3,2.4	verified_complete	medium	Historical plan content recovered from deleted document; live external-source success not re-run
LSP-V13PLAN	docs/superpowers/plans/2026-07-06-v13-push-templates-impl.md	1-1783	plan	Implement complete v13 template set and governance	Deliver all documented push templates	2026-07-11 remediation plan	Large template/render/governance surface exists, but later remediation explicitly identifies missing production triggers and red-line failures	Many monitor production call sites	Large embedded test suite	Some production paths use defaults/mock fallback	2.1,2.2,2.4,2.7	partial	high	177/177 module tests do not prove production completeness
LSP-V13REMED	docs/superpowers/plans/2026-07-11-v13-push-templates-remediation.md	100-637	bugfix	Repair missing triggers, source-down/gateway evidence, governance and rendering issues	Complete four remediation phases		Some items landed, but direct fixed-SHA evidence still shows mock fallback in main, fake broker push and incomplete persistence	Multiple production paths	Focused tests	Live push logs and failure records not proven	2.1,2.2,2.4,2.6,2.7,2.8	partial	high	Plan itself rejects the earlier all-done conclusion
LSP-D01	docs/superpowers/plans/2026-07-07-v29-d01-dispatcher.md	1-475	feature	D-01 dispatcher selects news-driven stocks, dedups and pushes	Run D-01 from real event snapshots		D-01 renderer/dispatcher, memo and production news-loop caller exist	news_monitor_loop calls D-01 path	Numerous D-01 tests	Separate v70 test path still contains explicit mock fallback, prohibited if production reachable	2.1,2.4,2.7	partial	high	
LSP-QMT	docs/superpowers/plans/2026-07-08-qmt-integration.md	1-914	feature	Integrate QMT market data with fallback and tests	Use real QMT adapter when configured		No qmt_provider; QmtBroker is logging-only and SDK detection registers a TODO implementation	Startup broker selection	Only label/no-panic tests	Configuration can select fake target implementation	2.1,2.8	unresolved	high	Historical document's completion claim is false at c1e
LSP-SINA	docs/superpowers/plans/2026-07-08-sina-baostock-integration.md	1-1664	feature	Add Sina and Baostock providers, fallback, polling and post-close coverage	Operate multi-source historical/quote fallback		Both providers and fallback integration exist with tests; later polling/post-close orchestration was superseded/removed into other loops	Fallback production function uses both providers	Provider/fallback tests include network tests	Live availability not captured at fixed snapshot	2.1,2.3,2.4	partial	medium	Provider phase verified, original orchestration not
LSP-OPENAI-D	docs/superpowers/specs/2026-07-16-remove-openai-config-design.md	126-203	feature	Remove direct OpenAI runtime/config names while retaining OpenAI-compatible protocol types	Use DEEPSEEK configuration canonically		Runtime env reads use DEEPSEEK names; remaining OpenAI references are library protocol types or tests proving stale vars ignored	Analyzer/deep_analyzer/agent_test paths use DeepSeek variables	Provider contract tests exist	Missing provider is explicit warning/error		verified_complete	high	
LSP-OPENAI-P	docs/superpowers/plans/2026-07-16-remove-openai-config-plan.md	65-691	plan	Execute and verify DeepSeek config migration	Remove legacy direct OpenAI config without breaking production chain		Implementation and focused tests are present at c1e; no secret was inspected	Production analyzer paths	Contract/selection tests	Explicit no-provider behavior		verified_complete	high	
LSP-V17R2	docs/superpowers/plans/2026-07-16-v17-r2-a-event-seam.md	101-419	plan	Build envelope, bounded bus, exact dispatcher and production audit bridge	Establish minimal event seam		Envelope/bus/dispatcher exist and production delivery observation is published; default delivery remains direct legacy path	Notify delivery audit caller	Module and integration tests	Bus opt-in and no durable writer	2.7	partial	high	Matches v17.1-r2 claims
LSP-V173	docs/superpowers/plans/2026-07-16-v17.3-persistence-query.md	80-476	plan	Normalize records, write JSONL, query rates, replay and wire CLI	Provide durable delivery history		Only normalized PushRecord/ReplayablePushEvent DTOs are committed; writer/query/replay/CLI absent	No persistence caller	DTO tests only	No retention/read-error/replay safety implementation	2.7	partial	high	Task 1 landed; Tasks 2-5 did not
LSP-V177	docs/superpowers/plans/2026-07-16-v17.7-source-pushes.md	88-671	plan	Implement six real source event types/classifiers and production adapters	Retain active kinds by supplying real sources		Normalized source types/classifiers/adapters are absent; several registered feeds remain unit stubs returning empty	None for six normalized events	No matching source-adapter suite	No-data can look like normal silence	2.1,2.2,2.4,2.7	unresolved	high	
LSP-TOPIC	docs/superpowers/plans/compressed-wondering-parasol.md	36-168	bugfix	Fix topic-search empty-result contract, routing, retry/cache and Sina fallback	Reduce real data loss instead of hiding warnings		Some success contracts/providers exist, but no provider_supports_query/retry helper matching plan was found	Topic service is production-capable	Provider tests exist	Repeated provider failures can still lose data	2.1,2.2,2.4	partial	medium	
LSP-IPO	docs/superpowers/plans/radiant-frolicking-starfish.md	131-344	feature	Implement IPO monitoring and supply-chain push coverage	Detect IPO events from real sources and notify mapped A-shares		IPO mappings, kinds and modules exist; Phase D production aggregator registers several unit stubs and full IPO monitor production scheduling is not proven	Stock mapper can use IPO table	Mapping/kind tests	Static mappings can become stale; provider failure handling incomplete	2.1,2.4,2.7	partial	medium	
LSP-BUG7	docs/superpowers/plans/refactored-meandering-bird.md	13-168	bugfix	Fix seven review findings including cash floor and NAV freshness	Remove red-line failures and contradictions		NAV freshness and cash guard fixes are present; the grouped seven-fix plan was not revalidated item-by-item in live mode	Monitor review path and freshness caller	Focused tests present	Other repository-wide data freshness violations remain	2.3,2.4,2.9	partial	medium	Two named P0s verified fixed
LSP-BUG2	docs/superpowers/plans/refactored-meandering-bird-agent-aa580bbef2a2358a9.md	3-231	bugfix	Cash floor dead code and NAV freshness always-pass bugs	Make both guards effective		Cash guard is called and NAV freshness rejects old dates	Production review/freshness paths	Focused tests for both	Errors are logged rather than silently accepted	2.3,2.4	verified_complete	high	
LSP-AUTH	docs/superpowers/plans/unified-cooking-tulip.md	20-390	feature	Require PAM operator authentication before monitor/live CLI starts	Fail closed for unauthenticated operators		Auth module exists but defaults disabled, and no call in `src/bin/monitor/main.rs` was found; only root binary and winrate simulator call it	Monitor binary bypasses planned gate	Config tests only; no PAM integration evidence	Default opt-out contradicts mandatory authentication goal	2.7	contradicted	high	
LSP-AUTH-RESEARCH	docs/superpowers/plans/unified-cooking-tulip-agent-a893df278aa4ff06a.md	1-358	analysis	Repository initially has webhook auth but no operator/user auth	Document authentication surface	unified-cooking-tulip plan	Read-only research is consistent with the pre-change problem statement	N/A	N/A	N/A		verified_complete	medium	Analysis claim, not implementation requirement
LSP-PROCESS	docs/superpowers/specs/2026-06-29-process-discipline-design.md	1-366	process	Enforce design/test/review discipline and evidence	Apply process gates to changes	AGENTS.md/ENGINEERING_RULES_V2	Scripts/docs exist, but historical compliance cannot be proven for every old change from code snapshot	CI/compliance scripts	Script tests exist	Audit evidence incomplete	2.1-2.10	unverifiable	medium	
LSP-V13-AUDIT	docs/superpowers/specs/2026-07-06-v13-push-templates-audit.md	1-192	bug	Audit lists v13 coverage gaps	Use audit as remediation input	2026-07-11 remediation	Later remediation confirms gaps; several remain at c1e	See remediation claims	See focused tests	See remediation claims	2.1,2.4,2.7	verified_complete	medium	Verified as diagnosis, not as fixes
LSP-V13-DESIGN	docs/superpowers/specs/2026-07-06-v13-push-templates-design.md	1-909	architecture	Define v13 template and governance behavior	Implement complete template system	later remediation and v14/v17 designs	Large portion exists but production trigger completeness is disproven by remediation	Monitor has many callers	Large renderer tests	Defaults/mock and missing triggers remain	2.1,2.4,2.7	partial	high	
LSP-V13-LOG	docs/superpowers/specs/2026-07-06-v13-push-templates-impl-log.md	1-199	completion	Implementation log claims v13 completion	Provide reliable completion evidence	later remediation	Later audit/remediation contradicts blanket completion despite module test success	Partial production callers	Recorded tests are module evidence only	No live completeness proof	2.1,2.4,2.7	contradicted	high	
LSP-V19-14	docs/superpowers/specs/2026-07-06-v19-14-push-template-refactor-design.md	1-156	architecture	Refactor push templates without behavior loss	Preserve production behavior through refactor	later v13 remediation/v14	Refactored template code exists, but full equivalence cannot be established and later gaps remain	Production callers exist	Renderer tests	No historical baseline comparison artifact	2.7	unverifiable	medium	
LSP-V19-15	docs/superpowers/specs/2026-07-06-v19-15-push-simplify-design.md	1-175	architecture	Simplify push flow while preserving semantics	Reduce duplication safely	later v14/v17	Multiple push stacks and direct/adapter paths still coexist	Production direct path	Tests exist per stack	Split-brain delivery path remains	2.7	partial	medium	
LSP-V19-16	docs/superpowers/specs/2026-07-06-v19-16-remove-demo-data-design.md	1-184	bugfix	Remove demo/mock data from production paths	Guarantee production never fabricates inputs		Fixed-SHA main still has v70 mock fallback and provider/paper default fabrication	Potential production/test branches in monitor	Some tests	Mock/default data remains reachable or insufficiently isolated	2.1,2.2,2.5	contradicted	high	
LSP-D01-D	docs/superpowers/specs/2026-07-07-d01-dispatcher-design.md	1-431	architecture	D-01 production dispatcher design	Map real news events to stock ideas		Core dispatcher is implemented and called, but live data and end-to-end delivery evidence are incomplete	news_monitor_loop	Many D-01 tests	Mock fallback path and feed stubs	2.1,2.4,2.7	partial	high	
LSP-QMT-D	docs/superpowers/specs/2026-07-08-qmt-integration-design.md	1-441	architecture	QMT provider, mapping, fallback and explicit errors	Implement real QMT data source		Only stock code mapping/general broker placeholder exists; no QMT provider	No real caller	Mapping tests only	Logging-only placeholder	2.1,2.8	unresolved	high	
LSP-SINA-D	docs/superpowers/specs/2026-07-08-sina-baostock-integration-design.md	1-635	architecture	Sina and Baostock fallback design	Use both real sources with validation		Provider/fallback core exists; live verification and original polling are not fully proven	Fallback function	Provider/fallback tests	Network availability not captured	2.1,2.3,2.4	partial	medium	
LSP-V17-D	docs/superpowers/specs/2026-07-16-v17-event-infrastructure-and-data-sources-design.md	134-423	architecture	Event infrastructure plus six source integrations	Build typed event/persistence/source pipeline		Only minimal envelope/bus and delivery DTO are committed; persistence and six sources incomplete	Delivery audit only	Core tests only	No durable source/event recovery	2.1,2.4,2.7	partial	high	
LROOT-BUGS	docs/KNOWN_BUGS-2026-06-28.md	8-113	bug	Ten known bugs across flaky tests, providers, reporting, performance, dead paths and coverage	Resolve and regression-test the bug register	later audits/plans	Several modules changed substantially, but no one-to-one closure evidence for all B-001..B-011 exists; later audit still reports structural/test gaps	Mixed	Mixed	Live regressions not replayed	2.1,2.3,2.4,2.7	partial	medium	Historical register cannot support an all-fixed conclusion
LROOT-AUDIT	docs/analysis-2026-06-29-project-audit.md	28-435	bug	Architecture, performance, quant, quality and compliance debt remain	Resolve Top-10 and P0 blockers	later version designs	Some issues improved (event buses, shared clients, VetoChain), but fixed-SHA still has god main, dead buses, swallowed data failures and fake broker adapters	Production paths	Many local tests	System-level closure absent	2.1-2.10	partial	high	The audit diagnosis remains materially valid
LROOT-RISK-P0	docs/architecture_p0_risk_unification.md	8-450	feature	Restore VetoChain, inject unified risk, implement factor IC and achieve high position tests	Close four live-blocking P0s		VetoChain, RiskContext and FactorIC/report modules are production referenced; coverage threshold and all failure semantics are not proven	pipeline analyze and review paths	Module tests exist	VetoChain panic is pass-through by design; coverage evidence absent	2.3,2.6,2.7	partial	high	Functional pieces landed, release evidence did not
LROOT-RISK-PLAN	docs/project_plan_p0_risk_unification.md	27-329	plan	Four-phase P0 risk unification plan	Deliver and verify all four phases		Phases 1-3 have clear code; Phase 4 >=95 percent coverage evidence unavailable	Production pipeline/review	Focused tests	No fixed-SHA coverage report	2.3,2.6,2.7	partial	high	
LROOT-RISK-REVIEW	docs/code_review_p0_risk_unification.md	1-73	review	Review findings on P0 risk implementation	Close review findings before release		Subsequent code contains cited core integrations, but historical review resolution cannot be fully reconstructed from snapshot alone	Mixed	Mixed	No review sign-off artifact	2.3,2.6,2.7	unverifiable	medium	
LROOT-E	docs/root-causes/E-multi-agent-bypass-freshness.md	14-296	bug	Multi-agent and deep review bypass data freshness	Add freshness gate and timestamp authority before AI analysis		Monitor wraps deep analysis with a timeout, but run_multi_agent_analysis itself still has no explicit Kline freshness gate; input timestamp authority remains fragmented	Production monitor calls deep analyzer	Inventory tests, not freshness-gate tests	Stale data may still enter analysis	2.3,2.4	unresolved	high	Timeout does not solve freshness
LROOT-F	docs/root-causes/F-tool-silent-fallback.md	14-331	bug	Tool errors are encoded as success and silently fed to LLM	Represent missing/error explicitly and prohibit fabrication		ToolResult classification, data_inventory and mandatory missing-data prompt rules are implemented and used	Production deep analyzer	Dedicated ToolResult/inventory tests	LLM compliance is prompt-enforced, not structurally guaranteed	2.1,2.2	partial	high	Primary silent fallback is fixed; typed tool interfaces remain deferred
LROOT-G	docs/root-causes/G-no-fast-fail.md	14-438	bug	Review can hang through serial retries with no top-level timeout	Add bounded top-level timeout and audit failure		Monitor review path has configurable top-level tokio timeout and explicit logs	Production review command	Review timeout tests exist in repository	Underlying provider retry cost remains but is bounded	2.1,2.4,2.7	verified_complete	high	Recommended alpha fix is present
LROOT-BROKER	docs/operations/broker-api-integration.md	40-97	plan	Phase 1 broker abstraction complete; Phase 2 real QMT and Phase 3 risk/monitoring remain	Implement real broker source safely		Abstraction exists; real adapter remains logging-only/TODO exactly as document says	Startup selection	Selection tests	Fake target operations and no reconciliation	2.1,2.5,2.7,2.8	partial	high	Historical operational doc honestly marks future work
LROOT-SINA	docs/sina_baostock_integration.md	1-160	feature	Sina/Baostock integration and fallback	Use real alternate data providers		Both providers and fallback are implemented	Production fallback	Provider/fallback tests	Live network behavior not re-run	2.1,2.3,2.4	verified_complete	medium	Core integration only
LROOT-EMQ	docs/emquant-api-integration-plan-调研-2026-06-05.md	1-272	plan	Research and plan EmQuant API integration	Add EmQuant as market data source		No EmQuant provider/integration found at fixed SHA	None	No tests	External dependency not implemented	2.1,2.4	unresolved	high	Research plan, not a completion artifact
LROOT-P04	docs/p0-4-done.md	1-188	completion	P0-4 is done	Provide complete evidence for the stated fix	later audits	Historical completion statement is superseded by later audits that find additional P0/data gaps	Mixed	Historical tests not re-run	Later regressions/gaps	2.1-2.10	superseded	medium	
LROOT-P05	docs/p0-5-done.md	1-180	completion	P0-5 is done	Provide complete evidence for the stated fix	later plus versions/audits	Superseded by successive P0-5-plus documents and later audits	Mixed	Historical evidence only	Later gaps	2.1-2.10	superseded	high	
LROOT-P05P	docs/p0-5-plus-done.md	1-198	completion	P0-5-plus is done	Provide complete evidence	later plus-v2/v3/v4	Superseded by later iterations	Mixed	Historical evidence only	Later gaps	2.1-2.10	superseded	high	
LROOT-P05P2	docs/p0-5-plus-v2-done.md	1-183	completion	P0-5-plus-v2 is done	Provide complete evidence	later plus-v3/v4	Superseded by later iterations	Mixed	Historical evidence only	Later gaps	2.1-2.10	superseded	high	
LROOT-P05P3	docs/p0-5-plus-v3-done.md	1-155	completion	P0-5-plus-v3 is done	Provide complete evidence	p0-5-plus-v4-todo and later audits	Later TODO explicitly continues the work	Mixed	Historical evidence only	Later gaps	2.1-2.10	contradicted	medium	Blanket done is not durable
LROOT-P05P4	docs/p0-5-plus-v4-todo.md	1-135	plan	Additional P0-5-plus-v4 work remains	Complete listed follow-up tasks		Later architecture changed significantly; no item-by-item closure evidence reconstructed	Mixed	Mixed	Unknown	2.1-2.10	unverifiable	medium	
LROOT-V12E2E	docs/architecture/v12-e2e-real-push-2026-07-05.md	1-165	acceptance	Prove real v12 push end to end	Capture real delivery evidence	later v13/v14/v17	Code has many push paths but persistent real-delivery evidence is absent at c1e	Production monitor	Module/integration tests	External delivery not proven	2.1,2.4,2.7	unverifiable	high	
LROOT-V12TEST	docs/architecture/v12-monitor-test-2026-07-05.md	1-222	acceptance	Monitor test mode verifies v12 behavior	Run repeatable monitor acceptance	later test plans	Test-mode code includes explicit mock fallback; cannot count as production-resolution evidence	Test-only path	Tests exist	Mock/test isolation ambiguity	2.1,2.5	partial	high	
LROOT-V12MVP	docs/architecture/v12-mvp-progress.md	1-176	completion	Report v12 MVP progress	Track implemented gates honestly	later versions	Historical progress is superseded; several foundational modules remain while newer red-line gaps exist	Mixed	Historical	Later gaps	2.1-2.10	superseded	high	
LROOT-V12ACC	docs/architecture/v12-mvp0-acceptance-2026-07-05.md	1-180	acceptance	MVP0 acceptance criteria pass	Provide release evidence	later versions	Cannot verify historical acceptance from code snapshot; later designs expose regressions and incomplete live evidence	Mixed	Historical	Unknown	2.1-2.10	unverifiable	medium	
LROOT-V12UNC	docs/architecture/v12-push-uncertainty-notes.md	1-107	bug	Push uncertainty and open questions require resolution	Eliminate ambiguous delivery claims	later v13/v14/v17	v17.3 persistence/query work remains incomplete, so uncertainty is not fully resolved	Delivery direct path	Partial tests	No durable per-sink evidence	2.7	unresolved	high	
L15-CONSOL	docs/v15.x/news-consolidation-plan.md	6-53	plan	Consolidate three independent news loops into one aggregator pipeline	Remove duplicate polling/pushing while preserving real sources		Aggregator is initialized/ticked, but multiple source facades are stubs and old/direct behavior remains in monitor	news_monitor_loop calls aggregator	Aggregator tests	Empty stubs create silent feature loss	2.1,2.2,2.4,2.7	partial	high	
L15-PLAN-A	docs/v15.x/v15-plan-news-stock-analysis.md	111-248	bugfix	Repair v14 governance, dedup timing and L6 real sinks	Make push path reliable and observable		Reserve/commit/rollback and L6 sink implementations exist, but L6 remains env opt-in and default path directly calls push_wechat	Production direct path; optional L6	Module tests	Default bypasses sink router/persistence	2.7	partial	high	
L15-PLAN-IPO	docs/v15.x/v15-plan-news-stock-analysis.md	250-370	feature	IPO sources, monitor, event types and production templates	Monitor real IPO lifecycle and mapped stocks		Static IPO mapping/types/templates exist; full real provider scheduling and production evidence are incomplete	Mapper/templates partially used	Mapping/type tests	Static data staleness and feed failures	2.1,2.4,2.7	partial	medium	
L15-PLAN-D	docs/v15.x/v15-plan-news-stock-analysis.md	372-476	feature	Full aggregator→extractor→mapper→impact→dispatcher pipeline	Run unified news-to-stock analysis in production	v15.3 expansion	All modules exist, but production loop goes aggregator→NewsFlashGate and bypasses extractor/mapper/impact/NewsDispatcher chain	Aggregator/flash only	Module tests	Source stubs and bypassed modules	2.1,2.4,2.7	partial	high	
L166-PLAN	docs/v16.x/v16.6-development-plan.md	38-317	plan	Implement E2E, Prometheus, health and panic hook	Prove and observe the v16 kernel		Metrics/health modules exist, but documented E2E does not actually route through registered strategies/three-bus consumers and health checks existence rather than flow	Production observability only	E2E-like module tests	Dead kernel can appear healthy	2.7	partial	high	
L17-DEV1	docs/v17.x/v17.x-dev-plan.md	1-200	plan	Original v17.x staged plan	Implement migration after EventKind prerequisite	v17.x-dev-plan-revised.md	Document explicitly superseded because EventKind premise was wrong	N/A	N/A	N/A	2.7	superseded	high	
L17-DEV2	docs/v17.x/v17.x-dev-plan-revised.md	1-170	plan	Revised plan records three landed integrations and schedules v17.5-v17.8	Complete migration and deferred findings		L6 opt-in and aggregator integration exist; four of twelve findings are explicitly deferred and final migrations remain incomplete	Optional L6 and aggregator production calls	Focused tests	Provider stubs, direct default path and no persistence	2.1,2.4,2.7	partial	high	Plan's own 100 percent target is not met
LNEW-PLAN-GATES	.planning/2026-07-16-quant-platform-assessment/findings.md	35-38	bug	Library tests pass but the full test suite does not compile because v14_e2e calls Dispatcher::dispatch with the obsolete arity	Restore mandatory full-test gate		At c1e `v14_e2e.rs` passes two arguments while `Dispatcher::dispatch` requires three	Test binary only	Full test compilation is blocked	Compile-time failure is explicit	2.3,2.7	verified_complete	high	Verified_complete confirms the documented failure; the bug is unresolved
LNEW-SDD-BAO	.superpowers/sdd/final-review.md	22-34,63-82	bug	Baostock was implemented as HTTP although its protocol is TCP	Rewrite the provider using the real TCP protocol		c1e BaostockProvider uses TcpStream, protocol framing, CRC and zlib response handling	Fallback production function instantiates BaostockProvider	Protocol/parser/provider tests exist	Network errors return Result and fall through to validated sources	2.1,2.3,2.4	verified_complete	high	The review's C1 follow-up was implemented after this document
LNEW-SDD-SINA	.superpowers/sdd/final-review.md	13-20,84-101	bug	Sina news endpoint rejects unregistered requests and polling stores zero items	Make the news source honest or replace it		SinaNewsProvider adds Referer but still uses the same feed.mix endpoint; it is not registered in the current NewsAggregator, which uses SinaFlashProvider instead	Legacy SinaNewsProvider has no active aggregator caller	Parsing tests exist; no fixed-SHA live endpoint evidence	Legacy provider can still return explicit error; original news_items polling goal is not proven	2.1,2.2,2.4	partial	high	Active aggregator bypasses rather than proves repair of the original endpoint
LNEW-CHANGELOG-FEATURES	CHANGELOG.md	3-288	completion	Legacy changelog claims Doubao failover, multifactor backtesting, scheduling, news, profitability analysis and provider integrations	Retain claimed product features through later refactors	later versioned designs	Doubao, backtest, scheduling, news and notification modules remain, but blanket historical equivalence and live behavior are not reproducible from c1e	Mixed production callers	Mixed unit tests	Provider/live delivery evidence absent	2.1,2.4,2.7	partial	medium	Historical-only changelog; OpenAI fallback wording was superseded by DeepSeek configuration work
LNEW-CHANGELOG-ROADMAP	CHANGELOG.md	290-313	plan	Planned v1.x work includes complete coverage, web dashboard/API/WebSocket, multi-account, mobile and cloud deployment	Deliver legacy roadmap	later CLI/monitor architecture	No web framework/dashboard/mobile/cloud implementation is evident; some tests/config/logging/backtest/Telegram pieces exist	CLI/monitor only	No roadmap acceptance suite	No deployment lifecycle	2.5,2.7	unresolved	high	Ancient roadmap is not marked completed but remains documented functionality
LNEW-IMPROVE-DONE	IMPROVEMENTS_SUMMARY.md	18-78,113-127	completion	Backtest metrics, limit-state execution checks, benchmark alpha, 20-stock pool and CSV exports are complete	Preserve and verify the backtest improvements		Metrics, 20-stock default, strategy limit checks and CSV exporters exist; real benchmark support replaced the old fixed 7 percent assumption, but provider structs still initialize flags false before separate enrichment	Backtest/reporting production paths use the types	Core/strategy tests exist	Missing enrichment can leave raw provider flags false	2.1,2.3,2.7	partial	high	Most named code exists; end-to-end data enrichment and no-warning claim are not proven
LNEW-IMPROVE-TODO	IMPROVEMENTS_SUMMARY.md	100-111	plan	Add point-in-time CSI300 constituents, walk-forward optimization, realtime limit/suspension data, market-impact cost, factor IC/IR and notebooks	Close remaining research realism gaps		Factor IC/IR and some dynamic slippage/limit-status support exist; PIT constituents, complete walk-forward promotion evidence, impact/TCA and notebook workflow are not complete	Partial research callers	Partial tests	Compatibility backtest path can retain look-ahead/realism limitations	2.1,2.3,2.7	partial	high	Recommendations are only partially implemented
LNEW-SENTIMENT-DIAG	reports/sentiment_score_IC_IR_analysis-2026-06-29.md	10-71,143-168	bug	Sentiment score has weak negative predictive IC and should not drive ranking/advice	Remove it as an executable directional signal and retain it only as descriptive text		Pipeline ranking documents removing sentiment_score, but app modes and scheduler still sort results by sentiment_score and contrarian strategy uses it directly	Several production/report modes still consume the score	Factor IC tests/reports exist; no global no-use invariant	Negative/unstable score can still affect user-visible ordering and signals	2.3,2.7	partial	high	Diagnosis is implemented only in part of the product surface
