path	source	sha_verified	declarations	tests	todo_fixme	todo_macros	panic_macros	unwraps	expects	default_fallbacks	mock_terms	target_verbs	log_calls	unsafe
.claude/settings.json	c1e53321b2f4fb5d1f21cc0baf7ff4ade1ffcb7b	true	0	0	0	0	0	0	0	0	0	0	0	0
.env.example	c1e53321b2f4fb5d1f21cc0baf7ff4ade1ffcb7b	true	0	0	2	0	0	0	0	0	0	0	0	0
.github/pull_request_template.md	workspace-only-excluded	true	0	0	3	0	0	0	0	0	0	5	0	0
.github/workflows/ci.yml	c1e53321b2f4fb5d1f21cc0baf7ff4ade1ffcb7b	true	0	0	0	0	0	0	0	0	0	1	0	0
.github/workflows/compliance.yml	c1e53321b2f4fb5d1f21cc0baf7ff4ade1ffcb7b	true	0	0	1	0	0	0	0	0	0	1	0	0
.github/workflows/coverage.yml	c1e53321b2f4fb5d1f21cc0baf7ff4ade1ffcb7b	true	0	0	0	0	0	0	0	0	0	1	0	0
.github/workflows/pr-template-lint.yml	workspace-only-excluded	true	0	0	4	0	0	0	0	0	0	10	0	0
.gitignore	c1e53321b2f4fb5d1f21cc0baf7ff4ade1ffcb7b	true	0	0	0	0	0	0	0	0	0	2	0	0
AGENTS.md	c1e53321b2f4fb5d1f21cc0baf7ff4ade1ffcb7b	true	0	0	0	0	0	0	0	0	9	9	0	0
CLAUDE.md	c1e53321b2f4fb5d1f21cc0baf7ff4ade1ffcb7b	true	0	0	0	0	0	0	0	0	1	16	0	0
Cargo.lock	c1e53321b2f4fb5d1f21cc0baf7ff4ade1ffcb7b	true	0	0	0	0	0	0	0	0	0	5	0	0
Cargo.toml	c1e53321b2f4fb5d1f21cc0baf7ff4ade1ffcb7b	true	0	0	0	0	0	0	0	0	0	0	0	0
benches/intraday_tick.rs	c1e53321b2f4fb5d1f21cc0baf7ff4ade1ffcb7b	true	8	0	0	0	0	0	0	0	12	1	0	0
config/chain.toml	c1e53321b2f4fb5d1f21cc0baf7ff4ade1ffcb7b	true	0	0	0	0	0	0	0	0	0	1	0	0
config/strategy.toml	c1e53321b2f4fb5d1f21cc0baf7ff4ade1ffcb7b	true	0	0	0	0	0	0	0	0	0	5	0	0
deploy/grafana_dashboard.json	c1e53321b2f4fb5d1f21cc0baf7ff4ade1ffcb7b	true	0	0	0	0	0	0	0	0	0	0	0	0
diesel.toml	c1e53321b2f4fb5d1f21cc0baf7ff4ade1ffcb7b	true	0	0	0	0	0	0	0	0	0	0	0	0
migrations/v10-p0-1-virtual-reason/down.sql	c1e53321b2f4fb5d1f21cc0baf7ff4ade1ffcb7b	true	0	0	0	0	0	0	0	0	0	0	0	0
migrations/v10-p0-1-virtual-reason/up.sql	c1e53321b2f4fb5d1f21cc0baf7ff4ade1ffcb7b	true	0	0	0	0	0	0	0	0	0	0	0	0
migrations/v12-p0-paper-and-adjust/down.sql	c1e53321b2f4fb5d1f21cc0baf7ff4ade1ffcb7b	true	0	0	0	0	0	0	0	0	0	0	0	0
migrations/v12-p0-paper-and-adjust/up.sql	c1e53321b2f4fb5d1f21cc0baf7ff4ade1ffcb7b	true	0	0	0	0	0	0	0	0	0	0	0	0
migrations/v12-p1-account-mode/down.sql	c1e53321b2f4fb5d1f21cc0baf7ff4ade1ffcb7b	true	0	0	0	0	0	0	0	0	0	0	0	0
migrations/v12-p1-account-mode/up.sql	c1e53321b2f4fb5d1f21cc0baf7ff4ade1ffcb7b	true	0	0	0	0	0	0	0	0	0	2	0	0
src/agent/auction_agent.rs	c1e53321b2f4fb5d1f21cc0baf7ff4ade1ffcb7b	true	10	3	0	0	0	0	0	0	0	3	0	0
src/agent/context.rs	c1e53321b2f4fb5d1f21cc0baf7ff4ade1ffcb7b	true	5	0	0	0	0	0	0	0	0	1	0	0
src/agent/loop_runner.rs	c1e53321b2f4fb5d1f21cc0baf7ff4ade1ffcb7b	true	7	0	0	0	0	0	0	3	0	6	14	0
src/agent/mod.rs	c1e53321b2f4fb5d1f21cc0baf7ff4ade1ffcb7b	true	14	0	0	0	0	0	0	0	0	0	0	0
src/agent/multi_agent/analysts.rs	c1e53321b2f4fb5d1f21cc0baf7ff4ade1ffcb7b	true	20	0	3	0	0	0	0	0	0	0	6	0
src/agent/multi_agent/arbitrator.rs	c1e53321b2f4fb5d1f21cc0baf7ff4ade1ffcb7b	true	5	0	4	0	0	0	0	0	0	0	0	0
src/agent/multi_agent/cost_board.rs	c1e53321b2f4fb5d1f21cc0baf7ff4ade1ffcb7b	true	25	8	0	0	0	0	0	2	0	3	2	0
src/agent/multi_agent/debate.rs	c1e53321b2f4fb5d1f21cc0baf7ff4ade1ffcb7b	true	8	0	0	0	0	0	0	0	0	0	3	0
src/agent/multi_agent/mod.rs	c1e53321b2f4fb5d1f21cc0baf7ff4ade1ffcb7b	true	7	0	0	0	0	0	0	0	0	0	3	0
src/agent/multi_agent/slices.rs	c1e53321b2f4fb5d1f21cc0baf7ff4ade1ffcb7b	true	8	0	0	0	0	0	0	1	0	102	0	0
src/agent/multi_agent/trace.rs	c1e53321b2f4fb5d1f21cc0baf7ff4ade1ffcb7b	true	8	0	0	0	0	0	0	0	0	0	17	0
src/agent/state.rs	c1e53321b2f4fb5d1f21cc0baf7ff4ade1ffcb7b	true	1	0	0	0	0	0	0	0	0	0	0	0
src/agent/tool.rs	c1e53321b2f4fb5d1f21cc0baf7ff4ade1ffcb7b	true	5	0	0	0	0	0	0	0	0	0	0	0
src/agent/toolbelt.rs	c1e53321b2f4fb5d1f21cc0baf7ff4ade1ffcb7b	true	5	0	0	0	0	0	0	0	0	1	0	0
src/agent/tools.rs	c1e53321b2f4fb5d1f21cc0baf7ff4ade1ffcb7b	true	6	0	0	0	0	0	0	0	0	0	0	0
src/agent/tools_chip.rs	c1e53321b2f4fb5d1f21cc0baf7ff4ade1ffcb7b	true	6	0	0	0	0	0	0	0	0	0	0	0
src/agent/tools_money_flow.rs	c1e53321b2f4fb5d1f21cc0baf7ff4ade1ffcb7b	true	6	0	0	0	0	0	0	0	0	0	0	0
src/agent/tools_news.rs	c1e53321b2f4fb5d1f21cc0baf7ff4ade1ffcb7b	true	6	0	0	0	0	0	0	0	0	0	0	0
src/agent/tools_research.rs	c1e53321b2f4fb5d1f21cc0baf7ff4ade1ffcb7b	true	15	0	0	0	0	4	0	1	0	1	1	0
src/agent/tools_sector.rs	c1e53321b2f4fb5d1f21cc0baf7ff4ade1ffcb7b	true	7	0	0	0	0	0	0	1	0	1	1	0
src/agent/validation.rs	c1e53321b2f4fb5d1f21cc0baf7ff4ade1ffcb7b	true	25	2	0	0	0	0	0	0	3	2	0	0
src/analyzer/analyze.rs	c1e53321b2f4fb5d1f21cc0baf7ff4ade1ffcb7b	true	2	0	0	0	0	0	0	3	0	105	1	0
src/analyzer/client.rs	c1e53321b2f4fb5d1f21cc0baf7ff4ade1ffcb7b	true	32	0	0	0	0	1	0	0	0	0	7	0
src/analyzer/macro_rec.rs	c1e53321b2f4fb5d1f21cc0baf7ff4ade1ffcb7b	true	11	0	0	0	0	0	0	0	0	1	6	0
src/analyzer/mod.rs	c1e53321b2f4fb5d1f21cc0baf7ff4ade1ffcb7b	true	22	2	0	0	0	0	0	3	0	2	4	0
src/analyzer/prompts.rs	c1e53321b2f4fb5d1f21cc0baf7ff4ade1ffcb7b	true	3	0	0	0	0	0	0	6	0	11	1	0
src/analyzer/types.rs	c1e53321b2f4fb5d1f21cc0baf7ff4ade1ffcb7b	true	8	0	0	0	0	0	0	0	0	0	0	0
src/app/bootstrap.rs	c1e53321b2f4fb5d1f21cc0baf7ff4ade1ffcb7b	true	12	0	0	0	0	0	1	2	0	10	49	0
src/app/context.rs	c1e53321b2f4fb5d1f21cc0baf7ff4ade1ffcb7b	true	3	0	0	0	0	0	0	0	0	1	0	0
src/app/mod.rs	c1e53321b2f4fb5d1f21cc0baf7ff4ade1ffcb7b	true	5	0	0	0	0	0	0	0	0	0	0	0
src/app/modes.rs	c1e53321b2f4fb5d1f21cc0baf7ff4ade1ffcb7b	true	4	0	0	0	0	0	0	0	0	3	33	0
src/app/schedule.rs	c1e53321b2f4fb5d1f21cc0baf7ff4ade1ffcb7b	true	6	0	0	0	0	0	2	1	0	0	28	0
src/auth/mod.rs	c1e53321b2f4fb5d1f21cc0baf7ff4ade1ffcb7b	true	1	0	0	0	0	0	0	0	0	0	0	0
src/auth/operator.rs	c1e53321b2f4fb5d1f21cc0baf7ff4ade1ffcb7b	true	16	8	0	0	0	0	0	1	1	0	2	0
src/bin/agent_test.rs	c1e53321b2f4fb5d1f21cc0baf7ff4ade1ffcb7b	true	5	0	0	0	1	0	0	0	0	3	1	0
src/bin/backfill_daily.rs	c1e53321b2f4fb5d1f21cc0baf7ff4ade1ffcb7b	true	1	0	0	0	0	0	0	1	0	1	0	0
src/bin/backfill_predictions.rs	c1e53321b2f4fb5d1f21cc0baf7ff4ade1ffcb7b	true	1	0	0	0	0	0	0	0	0	7	0	0
src/bin/boll_macd_backtest.rs	c1e53321b2f4fb5d1f21cc0baf7ff4ade1ffcb7b	true	11	0	0	0	0	0	0	4	0	6	0	0
src/bin/lhb_query.rs	c1e53321b2f4fb5d1f21cc0baf7ff4ade1ffcb7b	true	3	0	0	0	0	0	0	0	0	0	0	0
src/bin/monitor/daily_report_router.rs	c1e53321b2f4fb5d1f21cc0baf7ff4ade1ffcb7b	true	14	7	0	0	0	0	0	0	0	9	2	0
src/bin/monitor/dryrun_report.rs	c1e53321b2f4fb5d1f21cc0baf7ff4ade1ffcb7b	true	15	3	0	0	0	18	0	1	0	3	12	0
src/bin/monitor/e2e_test.rs	c1e53321b2f4fb5d1f21cc0baf7ff4ade1ffcb7b	true	4	3	0	0	0	1	0	0	0	12	0	0
src/bin/monitor/freshness.rs	c1e53321b2f4fb5d1f21cc0baf7ff4ade1ffcb7b	true	9	2	0	0	0	1	0	0	0	0	4	0
src/bin/monitor/health.rs	c1e53321b2f4fb5d1f21cc0baf7ff4ade1ffcb7b	true	13	2	0	0	0	0	0	1	3	0	0	0
src/bin/monitor/l6_sink.rs	c1e53321b2f4fb5d1f21cc0baf7ff4ade1ffcb7b	true	20	8	0	0	0	2	1	0	3	28	6	0
src/bin/monitor/main.rs	c1e53321b2f4fb5d1f21cc0baf7ff4ade1ffcb7b	true	117	14	1	0	0	16	1	93	32	405	260	0
src/bin/monitor/market_data.rs	c1e53321b2f4fb5d1f21cc0baf7ff4ade1ffcb7b	true	15	0	0	0	0	0	0	13	0	9	6	0
src/bin/monitor/metrics.rs	c1e53321b2f4fb5d1f21cc0baf7ff4ade1ffcb7b	true	6	2	0	0	0	2	2	0	0	0	0	0
src/bin/monitor/news_aggregator_init.rs	c1e53321b2f4fb5d1f21cc0baf7ff4ade1ffcb7b	true	23	9	0	0	1	2	1	1	5	14	12	0
src/bin/monitor/notify.rs	c1e53321b2f4fb5d1f21cc0baf7ff4ade1ffcb7b	true	102	23	0	0	0	3	0	10	0	92	49	0
src/bin/monitor/push_templates.rs	c1e53321b2f4fb5d1f21cc0baf7ff4ade1ffcb7b	true	416	174	3	0	1	13	13	42	14	537	115	6
src/bin/monitor/recovery.rs	c1e53321b2f4fb5d1f21cc0baf7ff4ade1ffcb7b	true	6	2	0	0	0	1	0	0	1	1	3	0
src/bin/monitor/v13_diag.rs	c1e53321b2f4fb5d1f21cc0baf7ff4ade1ffcb7b	true	6	0	0	0	0	0	0	0	0	17	0	0
src/bin/monitor/v14_adapter.rs	c1e53321b2f4fb5d1f21cc0baf7ff4ade1ffcb7b	true	24	7	1	0	1	0	1	2	3	39	8	1
src/bin/monitor/webhook_alert.rs	c1e53321b2f4fb5d1f21cc0baf7ff4ade1ffcb7b	true	8	2	0	0	0	0	0	0	3	6	1	0
src/bin/produce_winrate_samples.rs	c1e53321b2f4fb5d1f21cc0baf7ff4ade1ffcb7b	true	1	0	0	0	0	0	0	0	0	0	0	0
src/bin/rsi_optimize.rs	c1e53321b2f4fb5d1f21cc0baf7ff4ade1ffcb7b	true	10	0	0	0	0	0	0	0	0	19	0	0
src/bin/test_em_fetch.rs	c1e53321b2f4fb5d1f21cc0baf7ff4ade1ffcb7b	true	1	0	0	0	0	2	0	0	0	1	0	0
src/bin/v14_e2e.rs	c1e53321b2f4fb5d1f21cc0baf7ff4ade1ffcb7b	true	5	0	0	0	0	1	0	0	0	16	0	0
src/bin/winrate_simulator.rs	c1e53321b2f4fb5d1f21cc0baf7ff4ade1ffcb7b	true	13	0	0	0	0	0	0	5	0	3	0	0
src/breakout/engine.rs	c1e53321b2f4fb5d1f21cc0baf7ff4ade1ffcb7b	true	8	4	0	0	0	2	0	0	0	20	0	0
src/breakout/mod.rs	c1e53321b2f4fb5d1f21cc0baf7ff4ade1ffcb7b	true	3	0	0	0	0	0	0	0	0	1	0	0
src/breakout/position.rs	c1e53321b2f4fb5d1f21cc0baf7ff4ade1ffcb7b	true	6	3	0	0	0	0	0	0	0	0	0	0
src/breakout/signal.rs	c1e53321b2f4fb5d1f21cc0baf7ff4ade1ffcb7b	true	11	0	0	0	0	0	0	0	0	0	0	0
src/broker.rs	c1e53321b2f4fb5d1f21cc0baf7ff4ade1ffcb7b	true	43	6	1	0	0	0	0	0	17	26	16	0
src/broker/ib.rs	c1e53321b2f4fb5d1f21cc0baf7ff4ade1ffcb7b	true	10	3	0	0	0	0	0	0	0	0	0	0
src/bus/mod.rs	c1e53321b2f4fb5d1f21cc0baf7ff4ade1ffcb7b	true	40	6	0	0	3	0	3	0	0	4	0	0
src/calendar.rs	c1e53321b2f4fb5d1f21cc0baf7ff4ade1ffcb7b	true	38	13	0	0	0	22	0	0	0	4	2	0
src/chart_generator.rs	c1e53321b2f4fb5d1f21cc0baf7ff4ade1ffcb7b	true	4	0	0	0	0	0	0	0	0	0	0	0
src/cli.rs	c1e53321b2f4fb5d1f21cc0baf7ff4ade1ffcb7b	true	1	0	0	0	0	0	0	0	0	0	0	0
src/config.rs	c1e53321b2f4fb5d1f21cc0baf7ff4ade1ffcb7b	true	87	0	0	0	0	2	0	0	0	1	4	0
src/data_provider/announcement.rs	c1e53321b2f4fb5d1f21cc0baf7ff4ade1ffcb7b	true	41	17	0	0	0	2	0	4	0	7	4	0
src/data_provider/baostock_provider.rs	c1e53321b2f4fb5d1f21cc0baf7ff4ade1ffcb7b	true	50	4	0	0	0	2	1	9	0	4	4	0
src/data_provider/chain_registry.rs	c1e53321b2f4fb5d1f21cc0baf7ff4ade1ffcb7b	true	8	4	0	0	0	0	0	0	0	1	0	0
src/data_provider/chip_distribution.rs	c1e53321b2f4fb5d1f21cc0baf7ff4ade1ffcb7b	true	7	0	0	0	0	0	0	0	0	9	0	0
src/data_provider/consensus.rs	c1e53321b2f4fb5d1f21cc0baf7ff4ade1ffcb7b	true	8	0	0	0	0	0	0	1	0	6	2	0
src/data_provider/eastmoney_provider.rs	c1e53321b2f4fb5d1f21cc0baf7ff4ade1ffcb7b	true	22	3	0	0	0	2	1	0	0	7	14	0
src/data_provider/fallback.rs	c1e53321b2f4fb5d1f21cc0baf7ff4ade1ffcb7b	true	7	2	0	0	0	0	0	1	0	7	11	0
src/data_provider/financials.rs	c1e53321b2f4fb5d1f21cc0baf7ff4ade1ffcb7b	true	18	0	0	0	0	0	0	1	0	7	9	0
src/data_provider/gtimg_provider.rs	c1e53321b2f4fb5d1f21cc0baf7ff4ade1ffcb7b	true	22	6	0	0	0	4	2	9	0	1	15	0
src/data_provider/halt_status.rs	c1e53321b2f4fb5d1f21cc0baf7ff4ade1ffcb7b	true	7	3	0	0	0	12	0	0	0	1	0	0
src/data_provider/industry.rs	c1e53321b2f4fb5d1f21cc0baf7ff4ade1ffcb7b	true	13	0	0	0	0	0	0	2	0	13	1	0
src/data_provider/intraday_kline.rs	c1e53321b2f4fb5d1f21cc0baf7ff4ade1ffcb7b	true	5	0	0	0	0	2	0	0	0	5	3	0
src/data_provider/ipo_date.rs	c1e53321b2f4fb5d1f21cc0baf7ff4ade1ffcb7b	true	5	2	0	0	0	2	2	0	0	1	0	0
src/data_provider/limit_status.rs	c1e53321b2f4fb5d1f21cc0baf7ff4ade1ffcb7b	true	35	19	0	0	0	5	0	0	0	0	0	0
src/data_provider/mod.rs	c1e53321b2f4fb5d1f21cc0baf7ff4ade1ffcb7b	true	45	3	0	0	1	2	2	4	0	9	1	0
src/data_provider/money_flow.rs	c1e53321b2f4fb5d1f21cc0baf7ff4ade1ffcb7b	true	21	0	0	0	0	0	0	0	0	17	7	0
src/data_provider/news_item.rs	c1e53321b2f4fb5d1f21cc0baf7ff4ade1ffcb7b	true	2	0	0	0	0	0	0	0	0	0	0	0
src/data_provider/north_flow.rs	c1e53321b2f4fb5d1f21cc0baf7ff4ade1ffcb7b	true	21	7	0	0	0	3	0	0	0	3	0	0
src/data_provider/rustdx_provider.rs	c1e53321b2f4fb5d1f21cc0baf7ff4ade1ffcb7b	true	17	3	0	0	1	5	0	0	0	0	18	0
src/data_provider/service.rs	c1e53321b2f4fb5d1f21cc0baf7ff4ade1ffcb7b	true	19	4	0	0	0	2	0	2	0	4	1	0
src/data_provider/sina_news_provider.rs	c1e53321b2f4fb5d1f21cc0baf7ff4ade1ffcb7b	true	12	0	0	0	0	0	0	1	0	1	1	0
src/data_provider/sina_provider.rs	c1e53321b2f4fb5d1f21cc0baf7ff4ade1ffcb7b	true	16	0	1	0	0	0	0	12	0	2	2	0
src/data_provider/stock_code_map.rs	c1e53321b2f4fb5d1f21cc0baf7ff4ade1ffcb7b	true	10	3	0	0	0	0	0	0	0	0	0	0
src/data_provider/valuation_history.rs	c1e53321b2f4fb5d1f21cc0baf7ff4ade1ffcb7b	true	6	0	0	0	0	0	0	0	0	2	2	0
src/data_provider/yahoo.rs	c1e53321b2f4fb5d1f21cc0baf7ff4ade1ffcb7b	true	12	4	0	0	0	0	0	9	0	1	1	0
src/database/account_mode_log.rs	c1e53321b2f4fb5d1f21cc0baf7ff4ade1ffcb7b	true	12	3	0	0	0	0	0	0	0	12	0	0
src/database/agent_logs.rs	c1e53321b2f4fb5d1f21cc0baf7ff4ade1ffcb7b	true	2	0	0	0	0	0	0	0	0	0	2	0
src/database/concepts.rs	c1e53321b2f4fb5d1f21cc0baf7ff4ade1ffcb7b	true	21	1	0	0	0	1	0	4	0	7	11	0
src/database/execution_tracking.rs	c1e53321b2f4fb5d1f21cc0baf7ff4ade1ffcb7b	true	14	4	0	0	0	0	0	0	0	16	0	0
src/database/factor_snapshot.rs	c1e53321b2f4fb5d1f21cc0baf7ff4ade1ffcb7b	true	15	5	0	0	0	21	2	0	0	2	0	0
src/database/kline.rs	c1e53321b2f4fb5d1f21cc0baf7ff4ade1ffcb7b	true	13	0	0	0	0	0	0	0	0	10	4	0
src/database/lhb.rs	c1e53321b2f4fb5d1f21cc0baf7ff4ade1ffcb7b	true	6	0	0	0	0	1	0	0	0	3	0	0
src/database/mod.rs	c1e53321b2f4fb5d1f21cc0baf7ff4ade1ffcb7b	true	64	5	0	0	0	3	16	1	2	33	4	0
src/database/position_shares.rs	c1e53321b2f4fb5d1f21cc0baf7ff4ade1ffcb7b	true	7	3	0	0	0	0	0	2	0	0	1	0
src/database/positions.rs	c1e53321b2f4fb5d1f21cc0baf7ff4ade1ffcb7b	true	13	0	0	0	0	0	0	0	0	2	3	0
src/database/repository.rs	c1e53321b2f4fb5d1f21cc0baf7ff4ade1ffcb7b	true	19	1	0	0	0	1	3	7	2	8	0	0
src/decision/capital_verify.rs	c1e53321b2f4fb5d1f21cc0baf7ff4ade1ffcb7b	true	12	3	0	0	0	2	0	0	0	2	0	0
src/decision/decision_decide.rs	c1e53321b2f4fb5d1f21cc0baf7ff4ade1ffcb7b	true	38	25	0	0	0	1	1	1	0	17	0	0
src/decision/decision_panel.rs	c1e53321b2f4fb5d1f21cc0baf7ff4ade1ffcb7b	true	20	6	0	0	0	0	3	0	0	0	0	0
src/decision/decision_render.rs	c1e53321b2f4fb5d1f21cc0baf7ff4ade1ffcb7b	true	9	5	2	0	0	0	3	0	0	8	0	0
src/decision/exclusion.rs	c1e53321b2f4fb5d1f21cc0baf7ff4ade1ffcb7b	true	17	3	0	0	0	3	0	0	0	8	3	0
src/decision/holding_plan.rs	c1e53321b2f4fb5d1f21cc0baf7ff4ade1ffcb7b	true	19	8	0	0	0	0	0	0	0	0	0	0
src/decision/intraday_monitor.rs	c1e53321b2f4fb5d1f21cc0baf7ff4ade1ffcb7b	true	26	9	0	0	0	6	0	4	0	64	10	0
src/decision/layers.rs	c1e53321b2f4fb5d1f21cc0baf7ff4ade1ffcb7b	true	23	8	0	0	0	1	0	3	0	21	0	0
src/decision/leader.rs	c1e53321b2f4fb5d1f21cc0baf7ff4ade1ffcb7b	true	7	1	0	0	0	0	0	0	0	1	2	0
src/decision/live_plan.rs	c1e53321b2f4fb5d1f21cc0baf7ff4ade1ffcb7b	true	24	11	0	0	1	4	0	0	0	8	0	0
src/decision/mod.rs	c1e53321b2f4fb5d1f21cc0baf7ff4ade1ffcb7b	true	14	0	0	0	0	0	0	0	0	0	0	0
src/decision/pre_trade_filter.rs	c1e53321b2f4fb5d1f21cc0baf7ff4ade1ffcb7b	true	28	17	0	0	0	0	0	0	0	3	0	0
src/decision/rotation.rs	c1e53321b2f4fb5d1f21cc0baf7ff4ade1ffcb7b	true	11	2	0	0	0	1	0	1	0	8	1	0
src/decision/sector_score.rs	c1e53321b2f4fb5d1f21cc0baf7ff4ade1ffcb7b	true	13	3	0	0	0	0	0	0	0	6	0	0
src/decision/t0_advisor.rs	c1e53321b2f4fb5d1f21cc0baf7ff4ade1ffcb7b	true	24	12	0	0	1	0	0	0	0	0	0	0
src/deep_analyzer.rs	c1e53321b2f4fb5d1f21cc0baf7ff4ade1ffcb7b	true	41	15	0	0	1	3	3	2	3	17	10	0
src/enums.rs	c1e53321b2f4fb5d1f21cc0baf7ff4ade1ffcb7b	true	7	2	0	0	0	0	0	0	0	0	0	0
src/errors.rs	c1e53321b2f4fb5d1f21cc0baf7ff4ade1ffcb7b	true	5	0	0	0	0	0	0	0	0	0	0	0
src/event/bus.rs	c1e53321b2f4fb5d1f21cc0baf7ff4ade1ffcb7b	true	20	6	0	0	0	4	0	0	0	4	0	0
src/event/dispatcher.rs	c1e53321b2f4fb5d1f21cc0baf7ff4ade1ffcb7b	true	45	8	0	0	0	4	0	0	0	30	0	0
src/event/envelope.rs	c1e53321b2f4fb5d1f21cc0baf7ff4ade1ffcb7b	true	20	3	0	0	0	4	1	0	0	6	0	0
src/event/jsonl_writer.rs	workspace-only-excluded	true	19	3	0	0	1	6	0	2	0	4	5	0
src/event/mod.rs	c1e53321b2f4fb5d1f21cc0baf7ff4ade1ffcb7b	true	13	1	0	0	0	1	0	0	0	7	3	0
src/event/push_record.rs	c1e53321b2f4fb5d1f21cc0baf7ff4ade1ffcb7b	true	25	9	0	0	0	4	1	0	0	27	0	0
src/http_client.rs	c1e53321b2f4fb5d1f21cc0baf7ff4ade1ffcb7b	true	4	0	0	0	0	0	4	0	0	1	0	0
src/indicators/cross.rs	c1e53321b2f4fb5d1f21cc0baf7ff4ade1ffcb7b	true	3	0	0	0	0	0	0	0	0	0	0	0
src/indicators/divergence.rs	c1e53321b2f4fb5d1f21cc0baf7ff4ade1ffcb7b	true	4	0	0	0	0	0	0	0	0	0	0	0
src/indicators/kdj.rs	c1e53321b2f4fb5d1f21cc0baf7ff4ade1ffcb7b	true	2	0	0	0	0	0	0	0	0	2	0	0
src/indicators/macd.rs	c1e53321b2f4fb5d1f21cc0baf7ff4ade1ffcb7b	true	2	0	0	0	0	0	0	0	0	0	0	0
src/indicators/mod.rs	c1e53321b2f4fb5d1f21cc0baf7ff4ade1ffcb7b	true	28	7	0	0	0	0	0	0	0	29	0	0
src/indicators/multi_period.rs	c1e53321b2f4fb5d1f21cc0baf7ff4ade1ffcb7b	true	16	9	0	0	0	2	0	0	0	2	0	0
src/indicators/rsi.rs	c1e53321b2f4fb5d1f21cc0baf7ff4ade1ffcb7b	true	3	0	0	0	0	0	0	0	0	0	0	0
src/indicators/skdj.rs	c1e53321b2f4fb5d1f21cc0baf7ff4ade1ffcb7b	true	6	3	0	0	0	0	0	0	0	3	0	0
src/lhb_analyzer.rs	c1e53321b2f4fb5d1f21cc0baf7ff4ade1ffcb7b	true	22	2	0	0	0	2	1	7	0	15	9	0
src/lib.rs	c1e53321b2f4fb5d1f21cc0baf7ff4ade1ffcb7b	true	55	2	0	0	2	3	3	0	0	9	0	0
src/llm/mod.rs	c1e53321b2f4fb5d1f21cc0baf7ff4ade1ffcb7b	true	10	0	0	0	0	0	0	0	0	0	0	0
src/llm/providers.rs	c1e53321b2f4fb5d1f21cc0baf7ff4ade1ffcb7b	true	14	2	0	0	0	0	1	0	0	0	0	0
src/llm/registry.rs	c1e53321b2f4fb5d1f21cc0baf7ff4ade1ffcb7b	true	8	2	0	0	0	0	0	0	1	1	3	0
src/llm/ticker_extractor.rs	c1e53321b2f4fb5d1f21cc0baf7ff4ade1ffcb7b	true	14	5	0	0	0	6	0	2	11	2	1	0
src/main.rs	c1e53321b2f4fb5d1f21cc0baf7ff4ade1ffcb7b	true	3	0	0	0	0	0	0	2	0	0	13	0
src/market_analyzer/async_overview.rs	c1e53321b2f4fb5d1f21cc0baf7ff4ade1ffcb7b	true	15	4	0	0	0	1	0	6	0	20	7	0
src/market_analyzer/indices.rs	c1e53321b2f4fb5d1f21cc0baf7ff4ade1ffcb7b	true	3	0	0	0	0	0	0	1	0	1	3	0
src/market_analyzer/lhb_review.rs	c1e53321b2f4fb5d1f21cc0baf7ff4ade1ffcb7b	true	11	6	0	0	0	1	0	0	0	0	0	0
src/market_analyzer/limit_chain_review.rs	c1e53321b2f4fb5d1f21cc0baf7ff4ade1ffcb7b	true	15	8	0	0	0	2	0	1	0	3	0	0
src/market_analyzer/limit_up.rs	c1e53321b2f4fb5d1f21cc0baf7ff4ade1ffcb7b	true	4	0	0	0	0	0	0	6	0	5	4	0
src/market_analyzer/market_stage_confidence.rs	c1e53321b2f4fb5d1f21cc0baf7ff4ade1ffcb7b	true	28	12	0	0	0	0	0	0	0	0	0	0
src/market_analyzer/mod.rs	c1e53321b2f4fb5d1f21cc0baf7ff4ade1ffcb7b	true	24	1	0	0	0	3	0	1	0	2	14	0
src/market_analyzer/performance_feedback.rs	c1e53321b2f4fb5d1f21cc0baf7ff4ade1ffcb7b	true	14	6	0	0	0	0	0	0	0	2	0	0
src/market_analyzer/post_close_review.rs	c1e53321b2f4fb5d1f21cc0baf7ff4ade1ffcb7b	true	11	3	0	0	0	0	0	0	0	3	0	0
src/market_analyzer/review.rs	c1e53321b2f4fb5d1f21cc0baf7ff4ade1ffcb7b	true	3	0	0	0	0	1	0	0	0	3	5	0
src/market_analyzer/sector_history.rs	c1e53321b2f4fb5d1f21cc0baf7ff4ade1ffcb7b	true	29	8	0	0	0	17	0	1	0	5	4	0
src/market_analyzer/sector_monitor.rs	c1e53321b2f4fb5d1f21cc0baf7ff4ade1ffcb7b	true	58	16	0	0	0	0	0	11	0	21	5	0
src/market_analyzer/statistics.rs	c1e53321b2f4fb5d1f21cc0baf7ff4ade1ffcb7b	true	6	1	0	0	0	1	0	0	1	6	4	0
src/market_data.rs	c1e53321b2f4fb5d1f21cc0baf7ff4ade1ffcb7b	true	14	2	0	0	0	0	0	0	0	1	0	0
src/models.rs	c1e53321b2f4fb5d1f21cc0baf7ff4ade1ffcb7b	true	17	0	0	0	0	0	0	4	0	0	0	0
src/monitor/adaptive.rs	c1e53321b2f4fb5d1f21cc0baf7ff4ade1ffcb7b	true	22	5	0	0	0	1	0	0	1	7	2	0
src/monitor/alert.rs	c1e53321b2f4fb5d1f21cc0baf7ff4ade1ffcb7b	true	15	7	0	0	0	1	0	1	0	18	3	0
src/monitor/alert_log.rs	c1e53321b2f4fb5d1f21cc0baf7ff4ade1ffcb7b	true	14	3	0	0	0	0	0	1	0	0	2	0
src/monitor/attribution.rs	c1e53321b2f4fb5d1f21cc0baf7ff4ade1ffcb7b	true	14	7	1	0	0	0	0	4	3	4	2	0
src/monitor/auction.rs	c1e53321b2f4fb5d1f21cc0baf7ff4ade1ffcb7b	true	11	5	0	0	0	3	0	0	0	2	0	0
src/monitor/checklist.rs	c1e53321b2f4fb5d1f21cc0baf7ff4ade1ffcb7b	true	13	7	0	0	0	1	0	0	0	27	0	0
src/monitor/data_mode.rs	c1e53321b2f4fb5d1f21cc0baf7ff4ade1ffcb7b	true	37	19	0	0	0	1	0	0	0	2	0	0
src/monitor/data_quality.rs	c1e53321b2f4fb5d1f21cc0baf7ff4ade1ffcb7b	true	67	27	0	0	0	25	1	2	0	4	8	0
src/monitor/detector.rs	c1e53321b2f4fb5d1f21cc0baf7ff4ade1ffcb7b	true	44	15	0	0	0	2	0	0	0	9	0	0
src/monitor/entity_linker.rs	c1e53321b2f4fb5d1f21cc0baf7ff4ade1ffcb7b	true	25	6	0	0	0	1	0	2	0	6	0	0
src/monitor/event_bus.rs	c1e53321b2f4fb5d1f21cc0baf7ff4ade1ffcb7b	true	14	2	0	0	0	0	2	0	0	3	0	0
src/monitor/integration.rs	c1e53321b2f4fb5d1f21cc0baf7ff4ade1ffcb7b	true	7	5	0	0	0	2	0	0	0	1	0	0
src/monitor/mod.rs	c1e53321b2f4fb5d1f21cc0baf7ff4ade1ffcb7b	true	20	0	0	0	0	0	0	0	0	0	0	0
src/monitor/news_ai.rs	c1e53321b2f4fb5d1f21cc0baf7ff4ade1ffcb7b	true	21	7	0	0	0	7	0	0	0	1	9	0
src/monitor/news_monitor.rs	c1e53321b2f4fb5d1f21cc0baf7ff4ade1ffcb7b	true	39	15	0	0	0	2	0	3	0	2	6	0
src/monitor/prediction.rs	c1e53321b2f4fb5d1f21cc0baf7ff4ade1ffcb7b	true	11	2	0	0	0	0	0	1	0	26	11	0
src/monitor/rate_budget.rs	c1e53321b2f4fb5d1f21cc0baf7ff4ade1ffcb7b	true	45	12	0	0	0	0	0	0	0	3	4	0
src/monitor/risk.rs	c1e53321b2f4fb5d1f21cc0baf7ff4ade1ffcb7b	true	37	15	0	0	0	2	0	0	0	0	0	0
src/monitor/scanner.rs	c1e53321b2f4fb5d1f21cc0baf7ff4ade1ffcb7b	true	22	7	0	0	0	0	0	1	0	2	2	0
src/monitor/signal_fusion.rs	c1e53321b2f4fb5d1f21cc0baf7ff4ade1ffcb7b	true	18	6	0	0	0	0	0	2	0	0	0	0
src/monitor/signal_state.rs	c1e53321b2f4fb5d1f21cc0baf7ff4ade1ffcb7b	true	27	9	0	0	0	1	0	0	0	0	0	0
src/news/aggregator/feed.rs	c1e53321b2f4fb5d1f21cc0baf7ff4ade1ffcb7b	true	65	0	2	0	0	0	0	8	0	7	3	0
src/news/aggregator/mod.rs	c1e53321b2f4fb5d1f21cc0baf7ff4ade1ffcb7b	true	22	2	0	0	0	0	0	0	0	6	2	0
src/news/dispatcher.rs	c1e53321b2f4fb5d1f21cc0baf7ff4ade1ffcb7b	true	10	4	0	0	0	1	2	0	0	1	0	0
src/news/impact.rs	c1e53321b2f4fb5d1f21cc0baf7ff4ade1ffcb7b	true	17	5	0	0	0	0	0	0	0	0	0	0
src/news/ipo/mod.rs	c1e53321b2f4fb5d1f21cc0baf7ff4ade1ffcb7b	true	1	0	0	0	0	0	0	0	0	0	0	0
src/news/ipo/supply_chain.rs	c1e53321b2f4fb5d1f21cc0baf7ff4ade1ffcb7b	true	14	6	0	0	1	2	0	0	0	0	0	0
src/news/mod.rs	c1e53321b2f4fb5d1f21cc0baf7ff4ade1ffcb7b	true	6	0	0	0	0	0	0	0	0	0	0	0
src/news/sink.rs	c1e53321b2f4fb5d1f21cc0baf7ff4ade1ffcb7b	true	7	2	0	0	0	0	0	1	0	7	2	0
src/news/stock_mapper.rs	c1e53321b2f4fb5d1f21cc0baf7ff4ade1ffcb7b	true	14	5	0	0	0	0	1	0	0	2	0	0
src/notification/config.rs	c1e53321b2f4fb5d1f21cc0baf7ff4ade1ffcb7b	true	6	0	0	0	0	0	0	2	0	10	0	0
src/notification/email.rs	c1e53321b2f4fb5d1f21cc0baf7ff4ade1ffcb7b	true	6	0	0	0	0	2	0	0	0	1	10	0
src/notification/feishu.rs	c1e53321b2f4fb5d1f21cc0baf7ff4ade1ffcb7b	true	20	0	0	0	0	13	0	0	0	22	2	0
src/notification/mod.rs	c1e53321b2f4fb5d1f21cc0baf7ff4ade1ffcb7b	true	6	0	0	0	0	0	0	0	0	1	0	0
src/notification/report.rs	c1e53321b2f4fb5d1f21cc0baf7ff4ade1ffcb7b	true	4	0	0	0	0	0	0	14	0	159	0	0
src/notification/service.rs	c1e53321b2f4fb5d1f21cc0baf7ff4ade1ffcb7b	true	20	2	2	0	0	0	0	1	0	14	49	0
src/notification/wechat.rs	c1e53321b2f4fb5d1f21cc0baf7ff4ade1ffcb7b	true	6	0	0	0	0	0	0	0	0	6	7	0
src/opportunity/auction_agent.rs	c1e53321b2f4fb5d1f21cc0baf7ff4ade1ffcb7b	true	12	4	0	0	0	0	0	2	4	13	9	0
src/opportunity/bom_kb.rs	c1e53321b2f4fb5d1f21cc0baf7ff4ade1ffcb7b	true	13	3	0	0	0	0	0	0	0	1	0	0
src/opportunity/candidate_panel.rs	c1e53321b2f4fb5d1f21cc0baf7ff4ade1ffcb7b	true	53	26	1	0	0	0	0	0	0	13	0	0
src/opportunity/candidate_state.rs	c1e53321b2f4fb5d1f21cc0baf7ff4ade1ffcb7b	true	22	13	0	0	0	1	0	0	0	5	0	0
src/opportunity/chain_mapper.rs	c1e53321b2f4fb5d1f21cc0baf7ff4ade1ffcb7b	true	61	30	0	0	0	4	0	4	3	17	16	0
src/opportunity/discover.rs	c1e53321b2f4fb5d1f21cc0baf7ff4ade1ffcb7b	true	19	6	0	0	0	1	0	1	0	17	2	0
src/opportunity/event_extractor/adapter.rs	c1e53321b2f4fb5d1f21cc0baf7ff4ade1ffcb7b	true	4	0	0	0	0	0	0	0	0	0	0	0
src/opportunity/event_extractor/classifier.rs	c1e53321b2f4fb5d1f21cc0baf7ff4ade1ffcb7b	true	5	0	0	0	0	0	0	0	0	0	0	0
src/opportunity/event_extractor/core.rs	c1e53321b2f4fb5d1f21cc0baf7ff4ade1ffcb7b	true	9	0	1	0	0	0	0	1	0	2	0	0
src/opportunity/event_extractor/mod.rs	c1e53321b2f4fb5d1f21cc0baf7ff4ade1ffcb7b	true	23	5	0	0	0	1	0	0	0	12	0	0
src/opportunity/event_extractor/rule_filter.rs	c1e53321b2f4fb5d1f21cc0baf7ff4ade1ffcb7b	true	3	0	0	0	0	0	0	0	0	0	0	0
src/opportunity/hit_case.rs	c1e53321b2f4fb5d1f21cc0baf7ff4ade1ffcb7b	true	18	11	0	0	0	0	0	1	0	1	0	0
src/opportunity/impact.rs	c1e53321b2f4fb5d1f21cc0baf7ff4ade1ffcb7b	true	32	9	0	0	0	2	0	3	0	2	0	0
src/opportunity/launch_gate.rs	c1e53321b2f4fb5d1f21cc0baf7ff4ade1ffcb7b	true	20	7	1	0	0	5	0	2	0	0	1	0
src/opportunity/mod.rs	c1e53321b2f4fb5d1f21cc0baf7ff4ade1ffcb7b	true	63	12	0	0	0	7	0	14	0	85	20	0
src/opportunity/news_audit.rs	c1e53321b2f4fb5d1f21cc0baf7ff4ade1ffcb7b	true	19	6	0	0	0	2	0	3	0	2	5	0
src/opportunity/news_outcome.rs	c1e53321b2f4fb5d1f21cc0baf7ff4ade1ffcb7b	true	31	6	0	0	0	2	0	5	0	111	10	0
src/opportunity/news_ranker.rs	c1e53321b2f4fb5d1f21cc0baf7ff4ade1ffcb7b	true	54	28	2	0	0	0	0	5	0	24	2	0
src/opportunity/real_alpha.rs	c1e53321b2f4fb5d1f21cc0baf7ff4ade1ffcb7b	true	27	15	0	0	0	4	0	0	0	36	0	0
src/opportunity/scheduler.rs	c1e53321b2f4fb5d1f21cc0baf7ff4ade1ffcb7b	true	16	7	0	0	0	32	0	0	0	36	0	0
src/opportunity/score.rs	c1e53321b2f4fb5d1f21cc0baf7ff4ade1ffcb7b	true	11	1	0	0	0	2	0	0	0	18	0	0
src/opportunity/virtual_reason.rs	c1e53321b2f4fb5d1f21cc0baf7ff4ade1ffcb7b	true	27	15	0	0	0	1	0	0	0	0	0	0
src/opportunity/winrate.rs	c1e53321b2f4fb5d1f21cc0baf7ff4ade1ffcb7b	true	5	0	0	0	0	0	0	0	0	0	0	0
src/performance/mod.rs	c1e53321b2f4fb5d1f21cc0baf7ff4ade1ffcb7b	true	1	0	0	0	0	0	0	0	0	0	0	0
src/performance/snapshot.rs	c1e53321b2f4fb5d1f21cc0baf7ff4ade1ffcb7b	true	19	6	0	0	0	0	0	0	0	0	0	0
src/pipeline/analyze.rs	c1e53321b2f4fb5d1f21cc0baf7ff4ade1ffcb7b	true	3	0	0	0	0	0	0	3	0	74	23	0
src/pipeline/backtest_runner.rs	c1e53321b2f4fb5d1f21cc0baf7ff4ade1ffcb7b	true	22	6	0	0	0	8	2	0	1	19	21	0
src/pipeline/chain_analysis/fetchers.rs	c1e53321b2f4fb5d1f21cc0baf7ff4ade1ffcb7b	true	8	0	1	0	0	0	0	5	0	11	8	0
src/pipeline/chain_analysis/mod.rs	c1e53321b2f4fb5d1f21cc0baf7ff4ade1ffcb7b	true	43	14	0	0	0	0	5	3	0	53	10	0
src/pipeline/data.rs	c1e53321b2f4fb5d1f21cc0baf7ff4ade1ffcb7b	true	1	0	0	0	0	0	0	0	0	1	5	0
src/pipeline/extra_context.rs	c1e53321b2f4fb5d1f21cc0baf7ff4ade1ffcb7b	true	3	0	0	0	0	0	0	1	0	6	0	0
src/pipeline/macro_news.rs	c1e53321b2f4fb5d1f21cc0baf7ff4ade1ffcb7b	true	1	0	0	0	0	0	0	0	0	1	5	0
src/pipeline/market_regime.rs	c1e53321b2f4fb5d1f21cc0baf7ff4ade1ffcb7b	true	7	0	0	0	0	0	0	0	0	13	4	0
src/pipeline/mod.rs	c1e53321b2f4fb5d1f21cc0baf7ff4ade1ffcb7b	true	40	7	1	0	0	0	0	2	0	2	36	0
src/pipeline/multi_timeframe.rs	c1e53321b2f4fb5d1f21cc0baf7ff4ade1ffcb7b	true	2	0	0	0	0	0	0	1	0	1	0	0
src/pipeline/position_tracker.rs	c1e53321b2f4fb5d1f21cc0baf7ff4ade1ffcb7b	true	22	3	0	0	0	1	1	4	0	4	16	0
src/pipeline/price_stats.rs	c1e53321b2f4fb5d1f21cc0baf7ff4ade1ffcb7b	true	2	0	0	0	0	0	0	0	0	0	0	0
src/pipeline/reporting.rs	c1e53321b2f4fb5d1f21cc0baf7ff4ade1ffcb7b	true	5	0	0	0	0	0	0	1	0	63	0	0
src/pipeline/result_types.rs	c1e53321b2f4fb5d1f21cc0baf7ff4ade1ffcb7b	true	6	0	0	0	0	0	0	4	0	0	0	0
src/pipeline/score_breakdown.rs	c1e53321b2f4fb5d1f21cc0baf7ff4ade1ffcb7b	true	14	0	0	0	0	0	0	0	0	7	0	0
src/pipeline/section_utils.rs	c1e53321b2f4fb5d1f21cc0baf7ff4ade1ffcb7b	true	5	0	0	0	0	0	0	0	0	11	0	0
src/pipeline/summary_notify.rs	c1e53321b2f4fb5d1f21cc0baf7ff4ade1ffcb7b	true	1	0	0	0	0	0	0	0	0	2	7	0
src/pipeline/technical_report.rs	c1e53321b2f4fb5d1f21cc0baf7ff4ade1ffcb7b	true	2	0	0	0	0	0	0	0	0	33	0	0
src/pipeline/trade_type.rs	c1e53321b2f4fb5d1f21cc0baf7ff4ade1ffcb7b	true	1	0	0	0	0	0	0	0	0	0	0	0
src/pipeline/veto_rules.rs	c1e53321b2f4fb5d1f21cc0baf7ff4ade1ffcb7b	true	5	0	0	0	0	0	0	1	0	11	0	0
src/portfolio/mod.rs	c1e53321b2f4fb5d1f21cc0baf7ff4ade1ffcb7b	true	20	0	0	0	0	0	0	2	0	3	1	0
src/portfolio/store.rs	c1e53321b2f4fb5d1f21cc0baf7ff4ade1ffcb7b	true	21	6	0	0	0	11	0	5	0	4	0	0
src/push_l1/event.rs	c1e53321b2f4fb5d1f21cc0baf7ff4ade1ffcb7b	true	30	8	0	0	0	1	0	0	0	2	0	0
src/push_l1/mod.rs	c1e53321b2f4fb5d1f21cc0baf7ff4ade1ffcb7b	true	1	0	0	0	0	0	0	0	0	2	0	0
src/push_l2/mod.rs	c1e53321b2f4fb5d1f21cc0baf7ff4ade1ffcb7b	true	1	0	0	0	0	0	0	0	0	2	0	0
src/push_l2/template.rs	c1e53321b2f4fb5d1f21cc0baf7ff4ade1ffcb7b	true	33	8	0	0	0	0	0	1	0	2	0	0
src/push_l4/dispatcher.rs	c1e53321b2f4fb5d1f21cc0baf7ff4ade1ffcb7b	true	32	14	0	0	0	3	0	3	0	31	0	0
src/push_l4/mod.rs	c1e53321b2f4fb5d1f21cc0baf7ff4ade1ffcb7b	true	1	0	0	0	0	0	0	0	0	2	0	0
src/push_l5/governance.rs	c1e53321b2f4fb5d1f21cc0baf7ff4ade1ffcb7b	true	39	17	0	0	0	5	0	1	1	10	1	0
src/push_l5/mod.rs	c1e53321b2f4fb5d1f21cc0baf7ff4ade1ffcb7b	true	1	0	0	0	0	0	0	0	0	2	0	0
src/push_l6/external_sinks.rs	c1e53321b2f4fb5d1f21cc0baf7ff4ade1ffcb7b	true	38	14	4	0	0	0	0	0	13	7	17	0
src/push_l6/mod.rs	c1e53321b2f4fb5d1f21cc0baf7ff4ade1ffcb7b	true	2	0	0	0	0	0	0	0	0	2	0	0
src/push_l6/sink.rs	c1e53321b2f4fb5d1f21cc0baf7ff4ade1ffcb7b	true	41	13	0	0	0	3	0	0	1	14	3	0
src/push_l7/analytics.rs	c1e53321b2f4fb5d1f21cc0baf7ff4ade1ffcb7b	true	39	13	0	0	0	1	0	1	0	33	0	0
src/push_l7/mod.rs	c1e53321b2f4fb5d1f21cc0baf7ff4ade1ffcb7b	true	2	0	0	0	0	0	0	0	0	3	0	0
src/push_l7/sqlite_store.rs	c1e53321b2f4fb5d1f21cc0baf7ff4ade1ffcb7b	true	34	9	0	0	0	6	0	19	0	46	6	3
src/registry/mod.rs	c1e53321b2f4fb5d1f21cc0baf7ff4ade1ffcb7b	true	17	5	0	0	0	0	3	0	0	1	4	0
src/review/equity.rs	c1e53321b2f4fb5d1f21cc0baf7ff4ade1ffcb7b	true	7	2	0	0	0	1	0	0	0	2	0	0
src/review/factor_ic.rs	c1e53321b2f4fb5d1f21cc0baf7ff4ade1ffcb7b	true	18	6	0	0	0	4	0	1	0	18	4	0
src/review/factor_report.rs	c1e53321b2f4fb5d1f21cc0baf7ff4ade1ffcb7b	true	7	3	0	0	0	0	0	0	0	36	0	0
src/review/failure_attribution.rs	c1e53321b2f4fb5d1f21cc0baf7ff4ade1ffcb7b	true	11	3	0	0	0	0	0	0	0	4	0	0
src/review/journal.rs	c1e53321b2f4fb5d1f21cc0baf7ff4ade1ffcb7b	true	10	3	0	0	0	2	0	0	0	3	0	0
src/review/lhb_review.rs	c1e53321b2f4fb5d1f21cc0baf7ff4ade1ffcb7b	true	11	4	0	0	0	0	0	0	0	3	0	0
src/review/limit_chain_review.rs	c1e53321b2f4fb5d1f21cc0baf7ff4ade1ffcb7b	true	10	5	0	0	0	0	0	0	0	4	0	0
src/review/market_stage.rs	c1e53321b2f4fb5d1f21cc0baf7ff4ade1ffcb7b	true	12	7	0	0	0	0	0	0	0	0	0	0
src/review/mod.rs	c1e53321b2f4fb5d1f21cc0baf7ff4ade1ffcb7b	true	13	0	0	0	0	0	0	0	0	0	0	0
src/review/performance_feedback.rs	c1e53321b2f4fb5d1f21cc0baf7ff4ade1ffcb7b	true	13	4	0	0	0	3	0	0	0	4	0	0
src/review/report.rs	c1e53321b2f4fb5d1f21cc0baf7ff4ade1ffcb7b	true	6	1	0	0	0	2	0	0	0	22	0	0
src/review/signal_review.rs	c1e53321b2f4fb5d1f21cc0baf7ff4ade1ffcb7b	true	5	2	0	0	0	0	0	0	0	12	0	0
src/review/sop.rs	c1e53321b2f4fb5d1f21cc0baf7ff4ade1ffcb7b	true	4	1	0	0	0	0	0	0	0	10	0	0
src/review/tomorrow_watchlist.rs	c1e53321b2f4fb5d1f21cc0baf7ff4ade1ffcb7b	true	10	3	0	0	0	0	0	0	0	3	0	0
src/risk/account_mode.rs	c1e53321b2f4fb5d1f21cc0baf7ff4ade1ffcb7b	true	42	25	0	0	0	14	2	1	1	1	0	0
src/risk/action_gate.rs	c1e53321b2f4fb5d1f21cc0baf7ff4ade1ffcb7b	true	23	10	0	0	0	2	1	0	0	4	0	0
src/risk/cash_guard.rs	c1e53321b2f4fb5d1f21cc0baf7ff4ade1ffcb7b	true	8	2	0	0	0	2	0	0	0	0	0	0
src/risk/env_guard.rs	c1e53321b2f4fb5d1f21cc0baf7ff4ade1ffcb7b	true	10	4	0	0	0	0	0	0	0	0	0	0
src/risk/limits.rs	c1e53321b2f4fb5d1f21cc0baf7ff4ade1ffcb7b	true	12	4	0	0	0	1	0	1	0	6	0	0
src/risk/mod.rs	c1e53321b2f4fb5d1f21cc0baf7ff4ade1ffcb7b	true	9	0	0	0	0	0	0	0	0	0	0	0
src/risk/sector_exit.rs	c1e53321b2f4fb5d1f21cc0baf7ff4ade1ffcb7b	true	7	3	0	0	0	1	0	0	0	1	0	0
src/risk/stop_loss.rs	c1e53321b2f4fb5d1f21cc0baf7ff4ade1ffcb7b	true	9	3	0	0	0	0	0	0	0	4	0	0
src/risk/veto_chain.rs	c1e53321b2f4fb5d1f21cc0baf7ff4ade1ffcb7b	true	37	7	0	0	1	0	0	0	0	0	2	0
src/risk/veto_rules_live.rs	c1e53321b2f4fb5d1f21cc0baf7ff4ade1ffcb7b	true	34	16	0	0	0	2	0	0	0	8	1	0
src/schema.rs	c1e53321b2f4fb5d1f21cc0baf7ff4ade1ffcb7b	true	0	0	0	0	0	0	0	0	0	2	0	0
src/search_service/mod.rs	c1e53321b2f4fb5d1f21cc0baf7ff4ade1ffcb7b	true	3	0	1	0	0	0	0	0	0	0	0	0
src/search_service/providers/bocha.rs	c1e53321b2f4fb5d1f21cc0baf7ff4ade1ffcb7b	true	11	0	0	0	0	0	0	3	0	1	4	0
src/search_service/providers/cls.rs	c1e53321b2f4fb5d1f21cc0baf7ff4ade1ffcb7b	true	9	0	0	0	0	0	0	9	0	1	0	0
src/search_service/providers/cls_sign.rs	c1e53321b2f4fb5d1f21cc0baf7ff4ade1ffcb7b	true	5	2	0	0	0	0	0	3	0	4	0	0
src/search_service/providers/cninfo.rs	c1e53321b2f4fb5d1f21cc0baf7ff4ade1ffcb7b	true	21	6	0	0	0	0	1	4	0	1	3	0
src/search_service/providers/eastmoney.rs	c1e53321b2f4fb5d1f21cc0baf7ff4ade1ffcb7b	true	10	0	0	0	0	1	0	1	0	1	3	0
src/search_service/providers/em_announcement.rs	c1e53321b2f4fb5d1f21cc0baf7ff4ade1ffcb7b	true	26	4	0	0	0	5	0	9	0	2	0	0
src/search_service/providers/em_industry_news.rs	c1e53321b2f4fb5d1f21cc0baf7ff4ade1ffcb7b	true	21	5	0	0	0	1	0	4	0	3	2	0
src/search_service/providers/gelonghui.rs	c1e53321b2f4fb5d1f21cc0baf7ff4ade1ffcb7b	true	8	0	0	0	0	0	0	3	0	1	0	0
src/search_service/providers/gov_policy.rs	c1e53321b2f4fb5d1f21cc0baf7ff4ade1ffcb7b	true	12	0	0	0	0	0	0	8	0	2	0	0
src/search_service/providers/jin10.rs	c1e53321b2f4fb5d1f21cc0baf7ff4ade1ffcb7b	true	13	0	0	0	0	1	0	9	0	2	0	0
src/search_service/providers/kcb_daily.rs	c1e53321b2f4fb5d1f21cc0baf7ff4ade1ffcb7b	true	10	0	0	0	0	0	0	7	0	1	2	0
src/search_service/providers/mod.rs	c1e53321b2f4fb5d1f21cc0baf7ff4ade1ffcb7b	true	18	0	0	0	0	0	0	0	0	0	0	0
src/search_service/providers/serpapi.rs	c1e53321b2f4fb5d1f21cc0baf7ff4ade1ffcb7b	true	8	0	0	0	0	0	0	3	0	1	1	0
src/search_service/providers/sina_flash.rs	c1e53321b2f4fb5d1f21cc0baf7ff4ade1ffcb7b	true	18	4	0	0	0	1	0	2	1	2	1	0
src/search_service/providers/sse_szse.rs	c1e53321b2f4fb5d1f21cc0baf7ff4ade1ffcb7b	true	20	5	0	0	0	0	0	2	0	2	3	0
src/search_service/providers/tavily.rs	c1e53321b2f4fb5d1f21cc0baf7ff4ade1ffcb7b	true	9	0	0	0	0	0	0	1	0	1	2	0
src/search_service/providers/wallstreetcn.rs	c1e53321b2f4fb5d1f21cc0baf7ff4ade1ffcb7b	true	13	0	0	0	0	1	0	8	0	0	0	0
src/search_service/providers/weibo_hot.rs	c1e53321b2f4fb5d1f21cc0baf7ff4ade1ffcb7b	true	18	5	0	0	0	1	0	1	1	1	2	0
src/search_service/providers/xueqiu.rs	c1e53321b2f4fb5d1f21cc0baf7ff4ade1ffcb7b	true	17	3	0	0	0	3	0	4	0	4	6	0
src/search_service/service.rs	c1e53321b2f4fb5d1f21cc0baf7ff4ade1ffcb7b	true	41	2	0	0	0	0	0	2	0	63	75	0
src/search_service/types.rs	c1e53321b2f4fb5d1f21cc0baf7ff4ade1ffcb7b	true	29	0	0	0	0	3	0	1	0	3	4	0
src/sharpe_calculator.rs	c1e53321b2f4fb5d1f21cc0baf7ff4ade1ffcb7b	true	4	0	0	0	0	0	0	0	0	1	0	0
src/signal/market_event.rs	c1e53321b2f4fb5d1f21cc0baf7ff4ade1ffcb7b	true	14	0	0	0	0	0	0	0	0	0	0	0
src/signal/mod.rs	c1e53321b2f4fb5d1f21cc0baf7ff4ade1ffcb7b	true	2	0	0	0	0	0	0	0	0	2	0	0
src/signal/push_recorder.rs	c1e53321b2f4fb5d1f21cc0baf7ff4ade1ffcb7b	true	6	2	0	0	0	0	0	0	0	28	2	0
src/strategy/boll_macd.rs	c1e53321b2f4fb5d1f21cc0baf7ff4ade1ffcb7b	true	10	0	0	0	0	1	0	0	0	0	0	0
src/strategy/bollinger_zscore.rs	c1e53321b2f4fb5d1f21cc0baf7ff4ade1ffcb7b	true	23	0	0	0	0	11	0	2	0	60	3	0
src/strategy/contrarian.rs	c1e53321b2f4fb5d1f21cc0baf7ff4ade1ffcb7b	true	2	0	0	0	0	0	0	0	0	0	0	0
src/strategy/core.rs	c1e53321b2f4fb5d1f21cc0baf7ff4ade1ffcb7b	true	78	11	0	0	0	14	1	2	0	15	2	0
src/strategy/lot.rs	c1e53321b2f4fb5d1f21cc0baf7ff4ade1ffcb7b	true	15	7	0	0	0	0	0	0	0	0	0	0
src/strategy/mod.rs	c1e53321b2f4fb5d1f21cc0baf7ff4ade1ffcb7b	true	29	0	0	0	0	0	0	0	0	1	0	0
src/strategy/multi_factor.rs	c1e53321b2f4fb5d1f21cc0baf7ff4ade1ffcb7b	true	22	2	0	0	0	5	0	0	0	2	0	0
src/strategy/multi_timeframe.rs	c1e53321b2f4fb5d1f21cc0baf7ff4ade1ffcb7b	true	5	0	0	0	0	3	0	0	0	25	0	0
src/strategy/rsi/common.rs	c1e53321b2f4fb5d1f21cc0baf7ff4ade1ffcb7b	true	6	0	0	0	0	0	0	0	0	0	0	0
src/strategy/rsi/mod.rs	c1e53321b2f4fb5d1f21cc0baf7ff4ade1ffcb7b	true	3	0	0	0	0	0	0	0	0	0	0	0
src/strategy/rsi/precision.rs	c1e53321b2f4fb5d1f21cc0baf7ff4ade1ffcb7b	true	21	0	0	0	0	7	0	1	0	63	3	0
src/strategy/rsi/standard.rs	c1e53321b2f4fb5d1f21cc0baf7ff4ade1ffcb7b	true	36	0	0	0	0	7	0	1	0	85	4	0
src/strategy/v16_4/_helpers.rs	c1e53321b2f4fb5d1f21cc0baf7ff4ade1ffcb7b	true	2	0	0	0	0	0	0	3	1	11	0	0
src/strategy/v16_4/auction_anomaly.rs	c1e53321b2f4fb5d1f21cc0baf7ff4ade1ffcb7b	true	4	0	0	0	0	0	0	0	0	2	0	0
src/strategy/v16_4/breakout.rs	c1e53321b2f4fb5d1f21cc0baf7ff4ade1ffcb7b	true	4	0	0	0	0	0	0	0	0	2	0	0
src/strategy/v16_4/llm_select.rs	c1e53321b2f4fb5d1f21cc0baf7ff4ade1ffcb7b	true	4	0	0	0	0	0	0	2	0	1	0	0
src/strategy/v16_4/main_net_inflow.rs	c1e53321b2f4fb5d1f21cc0baf7ff4ade1ffcb7b	true	4	0	0	0	0	0	0	0	0	2	0	0
src/strategy/v16_4/mod.rs	c1e53321b2f4fb5d1f21cc0baf7ff4ade1ffcb7b	true	31	9	1	0	0	0	5	0	3	6	0	0
src/strategy/v16_4/momentum.rs	c1e53321b2f4fb5d1f21cc0baf7ff4ade1ffcb7b	true	4	0	0	0	0	0	0	0	0	2	0	0
src/strategy/v16_4/news_catalyst.rs	c1e53321b2f4fb5d1f21cc0baf7ff4ade1ffcb7b	true	4	0	0	0	0	0	0	2	0	2	0	0
src/strategy/v16_4/sector_leader.rs	c1e53321b2f4fb5d1f21cc0baf7ff4ade1ffcb7b	true	4	0	0	0	0	0	0	0	0	2	0	0
src/strategy/v16_4/volume_surge.rs	c1e53321b2f4fb5d1f21cc0baf7ff4ade1ffcb7b	true	4	0	0	0	0	0	0	0	0	2	0	0
src/trading/mod.rs	c1e53321b2f4fb5d1f21cc0baf7ff4ade1ffcb7b	true	33	4	0	0	0	3	0	0	1	2	3	0
src/trading/paper_engine.rs	c1e53321b2f4fb5d1f21cc0baf7ff4ade1ffcb7b	true	22	11	0	0	0	0	0	0	0	1	3	0
src/trading/paper_trade.rs	c1e53321b2f4fb5d1f21cc0baf7ff4ade1ffcb7b	true	27	15	0	0	0	1	0	0	0	3	2	0
src/trading/risk_adapter.rs	c1e53321b2f4fb5d1f21cc0baf7ff4ade1ffcb7b	true	29	16	0	0	0	0	0	0	0	8	7	0
src/traits.rs	c1e53321b2f4fb5d1f21cc0baf7ff4ade1ffcb7b	true	8	0	0	0	0	0	0	0	0	0	0	0
src/trend_analyzer.rs	c1e53321b2f4fb5d1f21cc0baf7ff4ade1ffcb7b	true	27	2	0	0	0	0	0	4	0	41	1	0
src/types.rs	c1e53321b2f4fb5d1f21cc0baf7ff4ade1ffcb7b	true	12	0	0	0	0	2	0	0	0	0	0	0
src/util.rs	c1e53321b2f4fb5d1f21cc0baf7ff4ade1ffcb7b	true	3	0	0	0	0	1	0	0	0	2	1	0
tests/baostock_provider_test.rs	c1e53321b2f4fb5d1f21cc0baf7ff4ade1ffcb7b	true	14	12	0	0	0	14	7	0	1	4	0	0
tests/bom_kb_tests.rs	c1e53321b2f4fb5d1f21cc0baf7ff4ade1ffcb7b	true	13	13	0	0	0	1	0	0	0	0	0	0
tests/chain_exclusive.rs	c1e53321b2f4fb5d1f21cc0baf7ff4ade1ffcb7b	true	1	1	0	0	0	0	0	0	0	0	0	0
tests/e2e_dedup.rs	c1e53321b2f4fb5d1f21cc0baf7ff4ade1ffcb7b	true	2	1	0	0	0	1	0	0	0	2	0	0
tests/e2e_prediction_verify.rs	c1e53321b2f4fb5d1f21cc0baf7ff4ade1ffcb7b	true	4	2	0	0	0	12	9	0	0	18	0	0
tests/event_extractor_tests.rs	c1e53321b2f4fb5d1f21cc0baf7ff4ade1ffcb7b	true	27	23	0	0	0	9	0	0	0	0	0	0
tests/fallback_post_close_test.rs	c1e53321b2f4fb5d1f21cc0baf7ff4ade1ffcb7b	true	2	2	0	0	0	0	2	0	0	0	0	0
tests/fallback_sina_test.rs	c1e53321b2f4fb5d1f21cc0baf7ff4ade1ffcb7b	true	2	2	0	0	0	0	2	0	0	0	0	0
tests/flash_filter.rs	c1e53321b2f4fb5d1f21cc0baf7ff4ade1ffcb7b	true	8	8	0	0	0	0	0	0	0	0	0	0
tests/holding_summary_tests.rs	c1e53321b2f4fb5d1f21cc0baf7ff4ade1ffcb7b	true	17	13	0	0	0	0	0	0	1	0	0	0
tests/launch_gate_tests.rs	c1e53321b2f4fb5d1f21cc0baf7ff4ade1ffcb7b	true	11	10	0	0	0	0	0	0	0	0	0	0
tests/market_event_tests.rs	c1e53321b2f4fb5d1f21cc0baf7ff4ade1ffcb7b	true	18	18	0	0	0	0	0	0	1	2	0	0
tests/news_item_test.rs	c1e53321b2f4fb5d1f21cc0baf7ff4ade1ffcb7b	true	3	3	0	0	0	1	0	0	0	0	0	0
tests/north_flow_option_tests.rs	c1e53321b2f4fb5d1f21cc0baf7ff4ade1ffcb7b	true	5	5	0	0	0	0	0	0	0	0	0	0
tests/notification_channels_tests.rs	c1e53321b2f4fb5d1f21cc0baf7ff4ade1ffcb7b	true	8	7	1	0	0	0	0	0	0	1	0	0
tests/opportunity_e2e_tests.rs	c1e53321b2f4fb5d1f21cc0baf7ff4ade1ffcb7b	true	5	5	0	0	0	3	0	0	1	0	0	0
tests/position_tracker_tests.rs	c1e53321b2f4fb5d1f21cc0baf7ff4ade1ffcb7b	true	30	30	0	0	0	4	0	0	0	0	0	0
tests/ranking.rs	c1e53321b2f4fb5d1f21cc0baf7ff4ade1ffcb7b	true	11	8	3	0	0	3	0	0	1	17	0	0
tests/review_timeout_tests.rs	c1e53321b2f4fb5d1f21cc0baf7ff4ade1ffcb7b	true	4	3	0	0	0	2	0	0	0	1	0	0
tests/rule_filter_benchmark.rs	c1e53321b2f4fb5d1f21cc0baf7ff4ade1ffcb7b	true	9	2	0	0	0	0	0	0	0	2	0	0
tests/score_tests.rs	c1e53321b2f4fb5d1f21cc0baf7ff4ade1ffcb7b	true	10	9	0	0	0	5	0	0	0	0	0	0
tests/sina_news_provider_test.rs	c1e53321b2f4fb5d1f21cc0baf7ff4ade1ffcb7b	true	7	7	0	0	0	4	0	0	0	0	0	0
tests/sina_provider_test.rs	c1e53321b2f4fb5d1f21cc0baf7ff4ade1ffcb7b	true	5	5	0	0	0	0	1	0	0	0	0	0
tests/stock_code_map_test.rs	c1e53321b2f4fb5d1f21cc0baf7ff4ade1ffcb7b	true	9	9	0	0	0	0	0	0	0	0	0	0
tests/test_data_freshness_check.rs	c1e53321b2f4fb5d1f21cc0baf7ff4ade1ffcb7b	true	6	4	0	0	0	4	3	0	2	1	0	0
tests/test_design_contradiction.rs	c1e53321b2f4fb5d1f21cc0baf7ff4ade1ffcb7b	true	12	3	0	0	1	3	9	0	2	6	1	0
tests/v11_three_sources.rs	c1e53321b2f4fb5d1f21cc0baf7ff4ade1ffcb7b	true	4	3	0	0	0	0	0	0	0	0	0	0
tests/v12_p0_3_halt.rs	c1e53321b2f4fb5d1f21cc0baf7ff4ade1ffcb7b	true	4	3	0	0	0	10	0	0	0	0	0	0
tests/winrate_tests.rs	c1e53321b2f4fb5d1f21cc0baf7ff4ade1ffcb7b	true	8	7	0	0	0	3	0	0	0	2	0	0
tools/EMQuantAPI_CPP_Mac/EMQuantAPI_CPP_Mac.pdf	binary-skip	true												
tools/EMQuantAPI_CPP_Mac/x64/EmQuantAPI/EmQuantAPI.h	workspace-only-excluded	true	0	0	0	0	0	0	0	0	0	2	0	0
tools/EMQuantAPI_CPP_Mac/x64/EmQuantAPITestExe/Makefile	workspace-only-excluded	true	0	0	0	0	0	0	0	0	0	0	0	0
tools/EMQuantAPI_CPP_Mac/x64/EmQuantAPITestExe/main.cpp	workspace-only-excluded	true	11	0	0	0	0	0	0	0	0	1	0	0
tools/EMQuantAPI_CPP_Mac/x64/bin/ServerList.json.e	workspace-only-excluded	true	0	0	0	0	0	0	0	0	0	0	0	0
tools/EMQuantAPI_CPP_Mac/x64/bin/emquantapitest	binary-skip	true												
tools/EMQuantAPI_CPP_Mac/x64/bin/image/EMApp.ico	binary-skip	true												
tools/EMQuantAPI_CPP_Mac/x64/bin/image/Tips_error.png	binary-skip	true												
tools/EMQuantAPI_CPP_Mac/x64/bin/image/edit_bg.png	binary-skip	true												
tools/EMQuantAPI_CPP_Mac/x64/bin/image/tab1_bg.png	binary-skip	true												
tools/EMQuantAPI_CPP_Mac/x64/bin/image/tab2_bg.png	binary-skip	true												
tools/EMQuantAPI_CPP_Mac/x64/bin/image/tab3_bg.png	binary-skip	true												
tools/EMQuantAPI_CPP_Mac/x64/bin/libEMQuantAPIx64.dylib	binary-skip	true												
tools/EMQuantAPI_CPP_Mac/x64/bin/loginactivator_mac	binary-skip	true												
tools/EMQuantAPI_CPP_Mac/指标手册V2.7.2.0.CHM	binary-skip	true												
tools/compliance/check.sh	c1e53321b2f4fb5d1f21cc0baf7ff4ade1ffcb7b	true	0	0	0	0	0	0	0	0	0	0	0	0
tools/compliance/fixtures/test_check_business_rules_dynamic.sh	workspace-only-excluded	true	0	0	0	0	0	0	0	0	0	0	0	0
tools/compliance/lib/check_business_rules.sh	c1e53321b2f4fb5d1f21cc0baf7ff4ade1ffcb7b	true	0	0	4	0	0	0	0	0	0	2	0	0
tools/compliance/lib/check_data_freshness.sh	c1e53321b2f4fb5d1f21cc0baf7ff4ade1ffcb7b	true	0	0	0	0	0	0	0	0	0	0	0	0
tools/compliance/lib/check_design_contradiction.sh	c1e53321b2f4fb5d1f21cc0baf7ff4ade1ffcb7b	true	0	0	0	0	0	0	0	0	0	0	0	0
tools/compliance/lib/check_fake_impl.sh	c1e53321b2f4fb5d1f21cc0baf7ff4ade1ffcb7b	true	0	0	0	0	0	0	0	0	0	7	0	0
tools/compliance/lib/check_no_silent_fallback_global.sh	workspace-only-excluded	true	0	0	0	0	0	0	0	3	0	9	0	0
tools/compliance/lib/check_no_silent_fallback_push.sh	workspace-only-excluded	true	0	0	0	0	0	0	0	3	3	23	0	0
tools/one_shot/_timeout_lib.sh	workspace-only-excluded	true	0	0	0	0	0	0	0	0	0	0	0	0
tools/one_shot/backfill_daily.sh	c1e53321b2f4fb5d1f21cc0baf7ff4ade1ffcb7b	true	0	0	0	0	0	0	0	0	0	0	0	0
tools/one_shot/backfill_predictions.sh	c1e53321b2f4fb5d1f21cc0baf7ff4ade1ffcb7b	true	0	0	0	0	0	0	0	0	0	0	0	0
tools/one_shot/check_dispatcher_health.sh	c1e53321b2f4fb5d1f21cc0baf7ff4ade1ffcb7b	true	0	0	0	0	0	0	0	0	0	1	0	0
tools/one_shot/fixtures/test_g5a_baseline.sh	workspace-only-excluded	true	0	0	1	0	0	0	0	0	8	0	0	0
tools/one_shot/fixtures/test_timeout_lib.sh	workspace-only-excluded	true	0	0	0	0	0	0	0	0	0	0	0	0
tools/one_shot/migrate_rollback_v10_p0_1.sh	workspace-only-excluded	true	0	0	0	0	0	0	0	0	0	0	0	0
tools/one_shot/migrate_run_v10_p0_1.sh	workspace-only-excluded	true	0	0	0	0	0	0	0	0	0	0	0	0
tools/one_shot/p0_loop_validation.sh	workspace-only-excluded	true	0	0	0	0	0	0	0	0	0	11	0	0
tools/one_shot/seed_chain_lhb.sh	c1e53321b2f4fb5d1f21cc0baf7ff4ade1ffcb7b	true	0	0	0	0	0	0	0	0	1	0	0	0
tools/one_shot/seed_trades.sh	c1e53321b2f4fb5d1f21cc0baf7ff4ade1ffcb7b	true	0	0	0	0	0	0	0	0	0	0	0	0
tools/one_shot/verify_prediction.sh	workspace-only-excluded	true	0	0	0	0	0	0	0	0	0	19	0	0
tools/one_shot/winrate_review.sh	c1e53321b2f4fb5d1f21cc0baf7ff4ade1ffcb7b	true	0	0	0	0	0	0	0	0	0	2	0	0
